Timestamp,Milliseconds,X,Y,Z
2018-12-28 11:38:58,1,-3.8218842,3.8751068,9.214554
2018-12-28 11:38:58,12,-3.730957,3.9349213,8.764694
2018-12-28 11:38:58,21,-3.6184998,3.954071,8.281357
2018-12-28 11:38:58,31,-3.4366455,3.9564514,7.8984985
2018-12-28 11:38:58,42,-3.3002472,3.9325256,7.4917145
2018-12-28 11:38:58,51,-3.29068,4.0713196,7.1591187
2018-12-28 11:38:58,61,-3.3552856,4.1861725,7.10408
2018-12-28 11:38:58,72,-3.4581757,4.193344,7.242859
2018-12-28 11:38:58,81,-3.2930756,4.291458,7.128006
2018-12-28 11:38:58,92,-3.089676,4.3704224,7.2045746
2018-12-28 11:38:58,101,-3.2284698,4.3129883,7.1710815
2018-12-28 11:38:58,112,-2.8456116,4.0306396,7.7046814
2018-12-28 11:38:58,121,-3.0944672,3.9516754,7.415146
2018-12-28 11:38:58,132,-3.0825043,3.925354,7.374466
2018-12-28 11:38:58,141,-3.0609741,4.274704,7.4677887
2018-12-28 11:38:58,152,-2.9437256,4.03302,7.563507
2018-12-28 11:38:58,161,-3.2763214,4.1167755,7.5491486
2018-12-28 11:38:58,171,-3.6256714,4.2364197,7.661606
2018-12-28 11:38:58,181,-3.8362427,4.303421,7.7788544
2018-12-28 11:38:58,192,-4.063568,4.4326324,8.128204
2018-12-28 11:38:58,201,-4.0539856,4.5235596,8.546951
2018-12-28 11:38:58,211,-4.018097,4.573807,8.95134
2018-12-28 11:38:58,222,-4.0037384,4.600128,9.102081
2018-12-28 11:38:58,231,-3.8817139,4.542694,9.13559
2018-12-28 11:38:58,241,-3.833847,4.456558,8.996811
2018-12-28 11:38:58,252,-3.7620697,4.315384,8.774277
2018-12-28 11:38:58,261,-3.4055328,4.193344,8.31485
2018-12-28 11:38:58,272,-3.2523956,4.1670227,8.085144
2018-12-28 11:38:58,282,-3.1590729,4.15506,7.735779
2018-12-28 11:38:58,291,-3.1519012,4.2316284,7.259613
2018-12-28 11:38:58,301,-3.1088257,4.3871613,6.8791504
2018-12-28 11:38:58,312,-3.1853943,4.5594482,6.831299
2018-12-28 11:38:58,321,-3.3002472,4.6216583,6.905472
2018-12-28 11:38:58,331,-3.25,4.5187683,7.128006
2018-12-28 11:38:58,342,-2.9987488,4.2603455,7.3385773
2018-12-28 11:38:58,351,-2.5728302,3.855957,7.6687927
2018-12-28 11:38:58,362,-2.4842987,3.7028198,8.164108
2018-12-28 11:38:58,371,-2.6757202,3.5257416,8.980057
2018-12-28 11:38:58,381,-2.3431244,3.690857,9.137985
2018-12-28 11:38:58,392,-2.3000488,3.7434998,9.556717
2018-12-28 11:38:58,401,-2.5465088,3.690857,9.774475
2018-12-28 11:38:58,412,-2.6398315,3.6549683,9.709869
2018-12-28 11:38:58,422,-2.8073273,3.5209656,9.640472
2018-12-28 11:38:58,431,-3.015503,3.4228516,9.597397
2018-12-28 11:38:58,442,-3.3672485,3.4228516,9.38205
2018-12-28 11:38:58,452,-3.570633,3.5401,8.901093
2018-12-28 11:38:58,462,-3.7764282,3.8487854,8.276566
2018-12-28 11:38:58,471,-4.4224854,4.3871613,7.6831512
2018-12-28 11:38:58,482,-4.5636597,5.174408,7.1256104
2018-12-28 11:38:58,491,-4.05159,5.6410065,7.0849457
2018-12-28 11:38:58,501,-3.690277,5.7845764,6.9365845
2018-12-28 11:38:58,512,-3.7979584,5.5476837,6.6805573
2018-12-28 11:38:58,521,-3.730957,5.4471893,6.778656
2018-12-28 11:38:58,532,-3.6328583,5.471115,7.238083
2018-12-28 11:38:58,541,-3.6519928,5.511795,7.2165375
2018-12-28 11:38:59,552,-3.0202942,5.294052,7.0562286
2018-12-28 11:38:59,561,-2.1469116,4.915985,6.584839
2018-12-28 11:38:59,572,-3.4486084,4.0952454,5.220932
2018-12-28 11:38:59,581,-3.3002472,4.05217,2.8328857
2018-12-28 11:38:59,591,-2.2617645,4.3417053,1.1387787
2018-12-28 11:38:59,601,-1.0773163,4.435028,-0.35195923
2018-12-28 11:38:59,611,-0.45518494,3.2266388,-1.4574432
2018-12-28 11:38:59,621,-0.8093262,1.6665192,-1.6656189
2018-12-28 11:38:59,631,-1.1634674,1.0755005,-1.4789734
2018-12-28 11:38:59,641,0.82736206,-0.31233215,-0.87597656
2018-12-28 11:38:59,652,4.454895,-1.5948944,1.7297974
2018-12-28 11:38:59,661,5.010025,-2.56398,2.3950043
2018-12-28 11:38:59,671,5.100952,-3.3751526,2.6677856
2018-12-28 11:38:59,682,5.0291595,-3.963791,2.299286
2018-12-28 11:38:59,691,5.256485,-4.873062,1.7752686
2018-12-28 11:38:59,701,6.2566833,-6.007263,0.32281494
2018-12-28 11:38:59,712,7.4196014,-7.9358673,-1.7182617
2018-12-28 11:38:59,721,7.3789215,-9.725708,-3.9411926
2018-12-28 11:38:59,731,8.915115,-11.745239,-5.0538483
2018-12-28 11:38:59,741,9.195068,-13.850937,-4.7021027
2018-12-28 11:38:59,752,8.70694,-16.810852,-2.426529
2018-12-28 11:38:59,761,8.31691,-19.3927,1.5240173
2018-12-28 11:38:59,771,7.7976685,-21.857315,5.816742
2018-12-28 11:38:59,781,5.105728,-25.905975,11.717438
2018-12-28 11:38:59,792,4.471634,-26.80806,13.071777
2018-12-28 11:38:59,801,3.320694,-28.526108,14.816147
2018-12-28 11:38:59,812,1.72229,-31.337677,16.524628
2018-12-28 11:38:59,821,0.513916,-33.641968,17.130005
2018-12-28 11:38:59,831,-1.1275635,-35.88643,17.096512
2018-12-28 11:38:59,842,-2.706833,-38.08783,16.452835
2018-12-28 11:38:59,851,-4.7144165,-39.746063,15.641678
2018-12-28 11:38:59,862,-6.875122,-40.786926,14.940582
2018-12-28 11:38:59,871,-8.947311,-41.11235,14.617538
2018-12-28 11:38:59,881,-10.911819,-40.825226,14.892715
2018-12-28 11:38:59,892,-12.718399,-40.26291,15.354538
2018-12-28 11:38:59,901,-14.594376,-38.88942,15.50528
2018-12-28 11:38:59,911,-18.465958,-34.158813,15.773285
2018-12-28 11:38:59,921,-21.689087,-30.71315,16.321228
2018-12-28 11:38:59,932,-25.086899,-27.097595,15.677567
2018-12-28 11:38:59,941,-26.73317,-23.237976,13.71785
2018-12-28 11:38:59,951,-25.81192,-19.847336,10.956528
2018-12-28 11:38:59,962,-23.349716,-17.961792,8.743164
2018-12-28 11:38:59,971,-21.748917,-16.803665,7.3672943
2018-12-28 11:38:59,981,-22.461975,-14.920517,6.7475433
2018-12-28 11:38:59,992,-25.19458,-12.57077,6.635086
2018-12-28 11:38:59,1001,-28.841248,-10.000885,6.6159515
2018-12-28 11:38:59,1012,-31.588196,-7.37117,6.5920105
2018-12-28 11:38:59,1021,-33.03586,-5.3755493,6.7116547
2018-12-28 11:38:59,1032,-34.009735,-5.040558,6.6279144
2018-12-28 11:38:59,1041,-35.766068,-5.303772,6.113449
2018-12-28 11:38:59,1051,-38.647034,-5.275055,5.376465
2018-12-28 11:38:59,1062,-40.223892,-4.8180237,5.7808533
2018-12-28 11:38:59,1071,-41.17624,-5.0932007,6.7714844
2018-12-28 11:38:59,1082,-41.439453,-6.282425,8.977661
2018-12-28 11:38:59,1091,-40.75032,-8.60347,11.497299
2018-12-28 11:38:59,1102,-39.60176,-11.513138,13.387634
2018-12-28 11:38:59,1111,-37.335754,-14.968384,14.897507
2018-12-28 11:38:59,1122,-33.937958,-18.962006,16.256622
2018-12-28 11:38:59,1131,-30.427689,-23.295395,17.039078
2018-12-28 11:38:59,1141,-27.276337,-27.856125,17.486542
2018-12-28 11:38:59,1151,-24.285309,-32.414444,18.625519
2018-12-28 11:38:59,1161,-20.399368,-36.743073,20.104294
2018-12-28 11:38:59,1172,-15.513214,-40.94725,21.46341
2018-12-28 11:38:59,1181,-9.813507,-44.438385,21.475372
2018-12-28 11:38:59,1191,-4.3865967,-45.689835,17.45543
2018-12-28 11:38:59,1202,-3.6711426,-45.05095,14.141373
2018-12-28 11:38:59,1211,-4.647415,-45.874084,12.4664
2018-12-28 11:38:59,1222,-1.7760162,-45.895615,10.990021
2018-12-28 11:38:59,1231,8.304947,-45.108368,8.52063
2018-12-28 11:38:59,1241,19.855103,-43.029007,4.5198364
2018-12-28 11:38:59,1252,28.256302,-38.765,0.13858032
2018-12-28 11:38:59,1261,33.898575,-35.991714,-1.9647217
2018-12-28 11:38:59,1271,38.40425,-33.752045,-3.7880554
2018-12-28 11:38:59,1281,36.61682,-30.09581,-6.7790833
2018-12-28 11:38:59,1292,31.922104,-27.973373,-5.125641
2018-12-28 11:38:59,1301,29.825989,-27.250732,-4.0967255
2018-12-28 11:38:59,1311,26.507141,-24.642563,-1.4909363
2018-12-28 11:38:59,1321,29.723099,-24.144852,-1.2277222
2018-12-28 11:38:59,1332,35.183517,-24.506165,-1.5483704
2018-12-28 11:38:59,1341,40.139053,-25.444153,-0.9501648
2018-12-28 11:38:59,1351,42.48163,-27.066483,1.4737701
2018-12-28 11:38:59,1361,40.923904,-29.162598,5.345352
2018-12-28 11:38:59,1372,37.317917,-31.96939,9.504089
2018-12-28 11:38:59,1381,31.828781,-35.04895,12.731995
2018-12-28 11:38:59,1391,25.387299,-38.731506,15.036285
2018-12-28 11:38:59,1402,18.785507,-42.160416,17.07019
2018-12-28 11:38:59,1411,12.590485,-45.539078,18.38385
2018-12-28 11:38:59,1421,7.163559,-48.759827,18.601593
2018-12-28 11:38:59,1432,-4.27652,-51.865707,17.529617
2018-12-28 11:38:59,1441,-12.72319,-52.296417,14.895111
2018-12-28 11:38:59,1451,-20.892288,-50.073486,11.951935
2018-12-28 11:38:59,1462,-29.317413,-46.067886,12.452042
2018-12-28 11:38:59,1471,-38.206757,-40.382553,15.878555
2018-12-28 11:38:59,1481,-44.1577,-33.460114,19.826721
2018-12-28 11:38:59,1492,-45.234467,-26.690811,23.147964
2018-12-28 11:38:59,1501,-43.250824,-21.618027,24.684143
2018-12-28 11:38:59,1511,-42.607147,-17.038162,22.832108
2018-12-28 11:38:59,1521,-45.658005,-12.766983,19.436691
2018-12-28 11:38:59,1532,-51.00357,-8.924103,16.945755
2018-12-28 11:38:59,1541,-54.12619,-6.150833,14.517044
2018-12-28 11:39:00,1552,-54.205154,-4.8419495,11.887329
2018-12-28 11:39:00,1562,-52.83168,-4.7677765,9.288727
2018-12-28 11:39:00,1571,-52.259796,-6.1771545,5.5152435
2018-12-28 11:39:00,1583,-52.384216,-7.5793457,4.0269165
2018-12-28 11:39:00,1591,-51.623306,-8.474258,3.8474426
2018-12-28 11:39:00,1602,-46.95012,-12.0993805,5.673172
2018-12-28 11:39:00,1611,-44.00934,-15.669479,8.209564
2018-12-28 11:39:00,1621,-42.0233,-19.16539,11.183838
2018-12-28 11:39:00,1632,-39.721405,-22.704376,14.579254
2018-12-28 11:39:00,1641,-37.93158,-27.34645,17.938782
2018-12-28 11:39:00,1651,-34.81372,-33.25911,20.841278
2018-12-28 11:39:00,1661,-26.998764,-40.18634,21.822342
2018-12-28 11:39:00,1671,-16.338745,-45.991333,17.821533
2018-12-28 11:39:00,1681,-12.146515,-48.494217,17.694717
2018-12-28 11:39:00,1692,-7.7796173,-50.492233,20.446457
2018-12-28 11:39:00,1701,-1.6731262,-51.64557,20.834091
2018-12-28 11:39:00,1711,4.4118195,-48.99193,17.843063
2018-12-28 11:39:00,1721,8.33844,-47.45334,15.773285
2018-12-28 11:39:00,1731,13.18869,-46.37657,12.519043
2018-12-28 11:39:00,1742,22.695374,-43.84735,5.6085663
2018-12-28 11:39:00,1751,31.594284,-40.27008,-0.30648804
2018-12-28 11:39:00,1761,38.495193,-35.95343,-1.9814606
2018-12-28 11:39:00,1772,43.44832,-32.467087,-2.7950287
2018-12-28 11:39:00,1781,45.20465,-30.351837,-3.7521515
2018-12-28 11:39:00,1792,44.93666,-29.002289,-0.7013092
2018-12-28 11:39:00,1801,43.886215,-27.54744,4.4624023
2018-12-28 11:39:00,1811,41.7231,-26.157211,6.802582
2018-12-28 11:39:00,1821,36.85849,-24.259705,8.558914
2018-12-28 11:39:00,1831,33.48462,-22.759415,13.325424
2018-12-28 11:39:00,1842,31.127686,-22.88144,16.050842
2018-12-28 11:39:00,1851,30.457687,-24.003677,14.619934
2018-12-28 11:39:00,1861,29.378525,-24.941666,12.842072
2018-12-28 11:39:00,1871,27.19867,-27.516342,13.076569
2018-12-28 11:39:00,1882,23.528076,-30.296799,13.82312
2018-12-28 11:39:00,1891,18.603653,-32.960007,13.959518
2018-12-28 11:39:00,1901,12.444519,-35.907974,14.234695
2018-12-28 11:39:00,1911,4.928665,-37.946655,13.684341
2018-12-28 11:39:00,1922,-2.3359375,-39.138275,11.540375
2018-12-28 11:39:00,1931,-8.602753,-39.444565,8.680954
2018-12-28 11:39:00,1941,-13.754486,-38.686035,6.5800476
2018-12-28 11:39:00,1952,-18.509033,-36.867493,5.9172363
2018-12-28 11:39:00,1961,-19.705444,-34.565598,7.8482513
2018-12-28 11:39:00,1971,-20.676926,-31.634384,12.334793
2018-12-28 11:39:00,1982,-22.296875,-28.533295,16.10588
2018-12-28 11:39:00,1991,-25.572647,-25.661896,16.80458
2018-12-28 11:39:00,2002,-30.384613,-22.797699,16.632309
2018-12-28 11:39:00,2011,-34.9908,-19.643951,16.88115
2018-12-28 11:39:00,2021,-38.17325,-15.784332,14.775467
2018-12-28 11:39:00,2032,-39.915222,-11.800278,12.198395
2018-12-28 11:39:00,2041,-40.281326,-8.342651,13.356522
2018-12-28 11:39:00,2052,-39.750122,-5.7871246,15.311462
2018-12-28 11:39:00,2061,-38.673355,-3.8896027,13.2895355
2018-12-28 11:39:00,2071,-37.637253,-2.6764526,10.099899
2018-12-28 11:39:00,2082,-36.88112,-2.0399628,9.681152
2018-12-28 11:39:00,2091,-36.27095,-2.3510284,9.571075
2018-12-28 11:39:00,2102,-36.553314,-4.2676697,7.034683
2018-12-28 11:39:00,2111,-36.33078,-4.913742,8.881943
2018-12-28 11:39:00,2122,-34.72998,-5.9929047,12.215149
2018-12-28 11:39:00,2131,-31.621704,-7.9741516,11.911255
2018-12-28 11:39:00,2141,-28.47992,-10.175552,10.255432
2018-12-28 11:39:00,2152,-25.888504,-12.594696,11.308273
2018-12-28 11:39:00,2162,-23.581818,-15.324905,12.291718
2018-12-28 11:39:00,2171,-21.940338,-18.129303,10.360718
2018-12-28 11:39:00,2181,-21.507233,-21.029404,9.425125
2018-12-28 11:39:00,2192,-21.976227,-24.164001,11.7677
2018-12-28 11:39:00,2201,-22.13176,-26.93489,13.614944
2018-12-28 11:39:00,2212,-20.909027,-30.516937,13.277557
2018-12-28 11:39:00,2221,-17.77443,-34.692413,14.60318
2018-12-28 11:39:00,2231,-12.280518,-38.602295,17.2305
2018-12-28 11:39:00,2242,-5.403549,-40.758224,16.663406
2018-12-28 11:39:00,2251,1.841919,-40.081055,12.018936
2018-12-28 11:39:00,2262,5.2923737,-38.92772,13.028717
2018-12-28 11:39:00,2271,7.730667,-38.327118,13.911667
2018-12-28 11:39:00,2282,11.252899,-36.75981,10.274567
2018-12-28 11:39:00,2291,16.57454,-34.27127,6.3407745
2018-12-28 11:39:00,2302,21.573135,-31.41185,4.9313965
2018-12-28 11:39:00,2311,25.492584,-28.375366,2.5242157
2018-12-28 11:39:00,2322,28.06247,-25.61644,-1.3545532
2018-12-28 11:39:00,2331,29.096176,-24.008469,-1.9192505
2018-12-28 11:39:00,2341,31.441147,-23.204468,0.3730774
2018-12-28 11:39:00,2351,36.67424,-21.110748,-0.9812622
2018-12-28 11:39:00,2362,37.533264,-20.002884,-0.9166565
2018-12-28 11:39:00,2371,36.683823,-19.5961,1.4043732
2018-12-28 11:39:00,2382,34.489594,-19.61763,3.9646912
2018-12-28 11:39:00,2391,31.24971,-19.92392,5.8023834
2018-12-28 11:39:00,2401,29.557999,-20.122513,6.8336945
2018-12-28 11:39:00,2412,25.2892,-21.49121,9.989822
2018-12-28 11:39:00,2421,23.037552,-22.733093,9.965897
2018-12-28 11:39:00,2432,20.721298,-24.355423,8.43927
2018-12-28 11:39:00,2441,17.653702,-26.379745,7.3146515
2018-12-28 11:39:00,2451,13.430359,-28.518936,6.8911133
2018-12-28 11:39:00,2462,9.001251,-30.7323,6.5968018
2018-12-28 11:39:00,2471,4.390274,-32.687225,6.8121643
2018-12-28 11:39:00,2481,-0.22547913,-34.015244,7.9918213
2018-12-28 11:39:00,2491,-4.1233826,-34.898193,9.355728
2018-12-28 11:39:00,2502,-6.887085,-34.948456,10.006577
2018-12-28 11:39:00,2511,-10.7682495,-33.297394,10.147751
2018-12-28 11:39:00,2522,-13.598953,-31.687027,10.939774
2018-12-28 11:39:00,2531,-16.530167,-29.741669,12.009369
2018-12-28 11:39:00,2542,-19.619308,-27.19809,13.160309
2018-12-28 11:39:01,2551,-22.229874,-24.22142,13.993011
2018-12-28 11:39:01,2562,-23.639252,-21.180145,14.0959015
2018-12-28 11:39:01,2571,-23.914413,-18.246552,13.92363
2018-12-28 11:39:01,2581,-23.287506,-15.580948,13.681946
2018-12-28 11:39:01,2592,-22.40216,-13.20726,13.488129
2018-12-28 11:39:01,2601,-23.110428,-10.941254,13.016739
2018-12-28 11:39:01,2611,-25.615707,-9.098785,12.375473
2018-12-28 11:39:01,2622,-31.052216,-6.512146,11.124023
2018-12-28 11:39:01,2631,-33.00714,-5.7225037,10.609573
2018-12-28 11:39:01,2642,-37.144333,-4.3370667,9.2504425
2018-12-28 11:39:01,2651,-37.93396,-4.116928,8.202393
2018-12-28 11:39:01,2662,-36.835663,-4.289215,7.00119
2018-12-28 11:39:01,2671,-34.64145,-4.7175293,5.7569275
2018-12-28 11:39:01,2682,-32.36348,-5.109955,5.007965
2018-12-28 11:39:01,2691,-30.501862,-5.6148376,5.106079
2018-12-28 11:39:01,2702,-29.181015,-6.528885,6.1636963
2018-12-28 11:39:01,2711,-28.037247,-7.892807,7.3026886
2018-12-28 11:39:01,2721,-26.005737,-9.335678,8.161713
2018-12-28 11:39:01,2732,-22.433258,-11.374359,8.920227
2018-12-28 11:39:01,2741,-21.303848,-12.053925,9.173874
2018-12-28 11:39:01,2751,-19.004349,-14.494598,10.772278
2018-12-28 11:39:01,2761,-17.221695,-17.155426,11.853836
2018-12-28 11:39:01,2772,-15.027481,-19.557816,12.626709
2018-12-28 11:39:01,2781,-13.785599,-21.316544,13.361313
2018-12-28 11:39:01,2792,-13.455383,-23.302582,14.512253
2018-12-28 11:39:01,2801,-13.240036,-25.269485,16.189636
2018-12-28 11:39:01,2812,-13.106033,-27.025818,18.051239
2018-12-28 11:39:01,2821,-11.933548,-29.866089,19.250046
2018-12-28 11:39:01,2832,-8.329971,-32.754227,19.017944
2018-12-28 11:39:01,2841,-4.865158,-33.869293,17.694717
2018-12-28 11:39:01,2852,-2.5034332,-34.070282,15.701492
2018-12-28 11:39:01,2862,-0.37382507,-33.405075,13.222534
2018-12-28 11:39:01,2871,2.0285645,-32.88823,10.518646
2018-12-28 11:39:01,2882,5.1799164,-31.768387,7.6831512
2018-12-28 11:39:01,2891,10.934647,-29.354034,3.8881226
2018-12-28 11:39:01,2902,15.737045,-27.985336,2.3471527
2018-12-28 11:39:01,2911,20.489197,-26.887024,1.078949
2018-12-28 11:39:01,2922,25.425583,-25.812653,-0.3160553
2018-12-28 11:39:01,2931,28.112732,-24.879456,-1.2014008
2018-12-28 11:39:01,2942,33.884216,-21.12033,-4.3551483
2018-12-28 11:39:01,2951,33.673645,-19.007462,-5.640091
2018-12-28 11:39:01,2962,30.749619,-18.193909,-5.4079895
2018-12-28 11:39:01,2971,26.901962,-18.0934,-4.460434
2018-12-28 11:39:01,2981,23.863068,-18.052734,-3.4075928
2018-12-28 11:39:01,2991,21.3889,-17.966583,-2.3284302
2018-12-28 11:39:01,3002,20.156586,-18.289612,-0.9525604
2018-12-28 11:39:01,3011,19.70195,-18.890213,0.46878052
2018-12-28 11:39:01,3022,18.967361,-19.92392,2.3639069
2018-12-28 11:39:01,3031,17.447922,-20.723114,3.9383698
2018-12-28 11:39:01,3042,15.040741,-21.637177,6.125412
2018-12-28 11:39:01,3051,12.274628,-22.934082,8.53978
2018-12-28 11:39:01,3062,9.518097,-23.95343,10.341568
2018-12-28 11:39:01,3071,6.876419,-24.635376,11.329803
2018-12-28 11:39:01,3082,4.552994,-25.408264,11.698303
2018-12-28 11:39:01,3091,2.346817,-26.599884,11.738983
2018-12-28 11:39:01,3102,-0.16804504,-27.887222,11.794006
2018-12-28 11:39:01,3111,-2.699646,-28.554825,11.889725
2018-12-28 11:39:01,3122,-5.719391,-28.461502,11.887329
2018-12-28 11:39:01,3131,-8.808533,-28.10736,11.772476
2018-12-28 11:39:01,3141,-11.5698395,-27.44217,11.533203
2018-12-28 11:39:01,3152,-15.472534,-25.233582,11.293915
2018-12-28 11:39:01,3161,-17.94194,-23.16858,11.85144
2018-12-28 11:39:01,3172,-20.456787,-20.670471,13.148346
2018-12-28 11:39:01,3181,-21.69867,-19.296997,13.887726
2018-12-28 11:39:01,3192,-24.321198,-14.937271,15.756531
2018-12-28 11:39:01,3201,-24.529373,-12.36499,15.512466
2018-12-28 11:39:01,3212,-24.294876,-10.350235,13.342163
2018-12-28 11:39:01,3222,-24.227875,-9.187317,10.200394
2018-12-28 11:39:01,3231,-24.821304,-8.376144,7.422333
2018-12-28 11:39:01,3242,-25.938751,-7.383133,5.524811
2018-12-28 11:39:01,3251,-27.278732,-5.777542,4.6442566
2018-12-28 11:39:01,3262,-28.360275,-4.2246094,4.9026794
2018-12-28 11:39:01,3271,-28.788605,-3.4852142,5.9531403
2018-12-28 11:39:01,3282,-28.666565,-3.4206085,6.75473
2018-12-28 11:39:01,3291,-28.475143,-3.5211182,6.606369
2018-12-28 11:39:01,3302,-28.30046,-4.5859222,5.242462
2018-12-28 11:39:01,3311,-27.872147,-5.543045,4.4839478
2018-12-28 11:39:01,3321,-27.118408,-6.7490387,4.1537323
2018-12-28 11:39:01,3332,-26.051208,-7.90477,4.4576263
2018-12-28 11:39:01,3341,-24.282913,-9.227997,5.1156464
2018-12-28 11:39:01,3352,-22.256195,-10.579941,6.0895233
2018-12-28 11:39:01,3361,-20.758286,-11.907959,7.2739716
2018-12-28 11:39:01,3372,-19.423096,-13.826996,8.750336
2018-12-28 11:39:01,3381,-17.898865,-16.207855,10.114258
2018-12-28 11:39:01,3391,-16.700058,-18.124512,11.088135
2018-12-28 11:39:01,3402,-15.257187,-20.723114,11.621735
2018-12-28 11:39:01,3411,-13.357285,-22.871872,11.9088745
2018-12-28 11:39:01,3422,-11.416702,-24.443954,12.294113
2018-12-28 11:39:01,3431,-9.734558,-25.815048,13.0
2018-12-28 11:39:01,3442,-8.997559,-26.317535,13.413956
2018-12-28 11:39:01,3451,-6.9014435,-27.58812,14.5433655
2018-12-28 11:39:01,3462,-4.0037384,-28.609863,14.31366
2018-12-28 11:39:01,3471,-0.40493774,-29.217636,12.557327
2018-12-28 11:39:01,3482,3.189087,-29.181747,9.523224
2018-12-28 11:39:01,3491,6.991287,-27.973373,5.7808533
2018-12-28 11:39:01,3502,11.697968,-25.898788,2.7993927
2018-12-28 11:39:01,3511,16.296967,-23.410263,1.2392731
2018-12-28 11:39:01,3521,19.718704,-21.395493,1.6269073
2018-12-28 11:39:01,3532,21.845917,-19.2276,5.048645
2018-12-28 11:39:01,3541,22.350815,-17.923508,7.4175415
2018-12-28 11:39:02,3552,23.027985,-16.78453,8.389023
2018-12-28 11:39:02,3561,23.843933,-16.454315,8.312454
2018-12-28 11:39:02,3571,27.069458,-15.439758,6.0249176
2018-12-28 11:39:02,3582,28.624786,-14.611847,4.5940094
2018-12-28 11:39:02,3591,28.966965,-14.339066,4.510254
2018-12-28 11:39:02,3601,27.9189,-14.54007,5.771286
2018-12-28 11:39:02,3612,26.033356,-15.0377655,7.597
2018-12-28 11:39:02,3621,23.815216,-15.8680725,9.066193
2018-12-28 11:39:02,3631,21.867462,-16.920914,9.592621
2018-12-28 11:39:02,3642,20.15419,-18.543259,9.338974
2018-12-28 11:39:02,3651,18.519897,-20.25412,8.465591
2018-12-28 11:39:02,3661,16.562576,-21.845352,7.6137543
2018-12-28 11:39:02,3672,13.818008,-23.515533,7.1208344
2018-12-28 11:39:02,3681,10.4943695,-25.355621,6.984436
2018-12-28 11:39:02,3691,6.3021393,-27.671875,6.7140503
2018-12-28 11:39:02,3702,3.4546814,-28.636185,6.34317
2018-12-28 11:39:02,3711,0.760376,-29.471283,6.276169
2018-12-28 11:39:02,3722,-1.6874847,-30.22023,6.888733
2018-12-28 11:39:02,3731,-4.716797,-30.421234,7.7381744
2018-12-28 11:39:02,3741,-7.8202972,-30.215439,8.166489
2018-12-28 11:39:02,3752,-10.411728,-29.595703,8.166489
2018-12-28 11:39:02,3761,-12.515015,-28.308365,7.941574
2018-12-28 11:39:02,3772,-14.197159,-26.542465,7.9200287
2018-12-28 11:39:02,3781,-15.76207,-24.604279,7.831497
2018-12-28 11:39:02,3792,-17.719406,-21.23996,7.2691803
2018-12-28 11:39:02,3801,-18.171646,-19.995697,7.190216
2018-12-28 11:39:02,3812,-20.490295,-16.499786,7.455826
2018-12-28 11:39:02,3821,-22.47873,-14.652527,7.175873
2018-12-28 11:39:02,3831,-23.837845,-12.996689,6.3288116
2018-12-28 11:39:02,3842,-24.74234,-11.407852,5.3333893
2018-12-28 11:39:02,3851,-25.084503,-10.182739,4.716049
2018-12-28 11:39:02,3862,-25.541534,-8.986328,4.6681824
2018-12-28 11:39:02,3871,-26.436447,-7.777939,4.9146423
2018-12-28 11:39:02,3882,-27.484512,-6.8256073,4.9888306
2018-12-28 11:39:02,3891,-28.087494,-6.277649,4.3643036
2018-12-28 11:39:02,3901,-28.384216,-6.179535,2.878357
2018-12-28 11:39:02,3912,-28.360275,-6.5025635,0.8946991
2018-12-28 11:39:02,3921,-27.439041,-7.033783,-0.71806335
2018-12-28 11:39:02,3931,-26.216309,-7.696594,-1.4574432
2018-12-28 11:39:02,3942,-25.223297,-8.273254,-0.902298
2018-12-28 11:39:02,3951,-24.294876,-9.105957,2.3184357
2018-12-28 11:39:02,3962,-23.900055,-10.024811,4.7710724
2018-12-28 11:39:02,3971,-23.237244,-11.529892,6.6039886
2018-12-28 11:39:02,3982,-22.323196,-13.43219,7.527603
2018-12-28 11:39:02,3991,-21.933167,-14.980347,7.8171387
2018-12-28 11:39:02,4001,-21.990585,-16.700775,8.101883
2018-12-28 11:39:02,4012,-21.63884,-19.344849,8.709671
2018-12-28 11:39:02,4021,-19.920792,-22.80487,9.511261
2018-12-28 11:39:02,4032,-17.688293,-25.972961,10.1549225
2018-12-28 11:39:02,4041,-15.204544,-28.554825,10.485138
2018-12-28 11:39:02,4051,-13.601349,-30.289627,10.822525
2018-12-28 11:39:02,4062,-12.081909,-32.617844,12.11705
2018-12-28 11:39:02,4071,-9.165054,-34.20668,12.94017
2018-12-28 11:39:02,4082,-5.9730377,-34.63977,12.69371
2018-12-28 11:39:02,4091,-2.7020416,-33.90039,11.626511
2018-12-28 11:39:02,4102,-0.21829224,-32.87387,10.516251
2018-12-28 11:39:02,4111,1.5069275,-32.584335,9.79361
2018-12-28 11:39:02,4122,4.509918,-32.34027,8.82692
2018-12-28 11:39:02,4131,9.685593,-31.139069,7.3672943
2018-12-28 11:39:02,4142,15.571945,-28.68164,5.6133575
2018-12-28 11:39:02,4151,22.202454,-26.27208,4.1632996
2018-12-28 11:39:02,4162,28.115112,-24.209457,2.6917114
2018-12-28 11:39:02,4171,32.16617,-22.027206,1.3302002
2018-12-28 11:39:02,4182,33.558792,-20.024414,0.60517883
2018-12-28 11:39:02,4191,33.056305,-17.980942,0.8061676
2018-12-28 11:39:02,4201,29.591492,-16.18872,2.7204285
2018-12-28 11:39:02,4212,27.682022,-16.069077,4.201584
2018-12-28 11:39:02,4221,26.007034,-15.942261,4.7878265
2018-12-28 11:39:02,4232,24.296173,-16.097794,4.9313965
2018-12-28 11:39:02,4242,22.70256,-16.875458,4.9409637
2018-12-28 11:39:02,4251,21.45111,-18.019226,4.888321
2018-12-28 11:39:02,4261,20.127884,-19.222824,4.780655
2018-12-28 11:39:02,4272,18.333252,-20.696793,4.8907166
2018-12-28 11:39:02,4281,16.072037,-22.364594,5.426712
2018-12-28 11:39:02,4292,13.459076,-23.58014,5.7808533
2018-12-28 11:39:02,4301,10.807831,-25.018234,6.3981934
2018-12-28 11:39:02,4311,8.905533,-26.554428,7.178253
2018-12-28 11:39:02,4321,7.139633,-27.949448,7.4510345
2018-12-28 11:39:02,4332,4.9382324,-29.1315,7.4677887
2018-12-28 11:39:02,4341,0.5043335,-30.48584,8.360306
2018-12-28 11:39:02,4352,-3.0418243,-30.801682,9.415543
2018-12-28 11:39:02,4361,-6.669342,-30.77536,10.102295
2018-12-28 11:39:02,4372,-9.693878,-30.370972,9.925217
2018-12-28 11:39:02,4381,-12.177628,-29.499985,9.164307
2018-12-28 11:39:02,4392,-14.36705,-28.14804,8.403381
2018-12-28 11:39:02,4401,-16.125778,-26.554428,8.645065
2018-12-28 11:39:02,4412,-18.00415,-24.410461,9.7314
2018-12-28 11:39:02,4421,-20.083511,-21.62761,11.37767
2018-12-28 11:39:02,4431,-22.339935,-18.643753,13.220139
2018-12-28 11:39:02,4442,-24.634659,-15.614441,14.189224
2018-12-28 11:39:02,4451,-26.20195,-12.786118,13.334991
2018-12-28 11:39:02,4461,-26.802551,-10.400482,11.035492
2018-12-28 11:39:02,4471,-26.941345,-8.821213,8.391418
2018-12-28 11:39:02,4482,-26.718811,-7.63916,6.280945
2018-12-28 11:39:02,4492,-26.65181,-6.0551147,5.094116
2018-12-28 11:39:02,4501,-27.312225,-5.234375,5.4123535
2018-12-28 11:39:02,4512,-27.941544,-4.485428,5.941162
2018-12-28 11:39:02,4521,-28.099472,-4.169571,6.216339
2018-12-28 11:39:02,4532,-27.919998,-4.4710693,5.919632
2018-12-28 11:39:02,4541,-27.649612,-4.9448395,5.089325
2018-12-28 11:39:03,4551,-27.479721,-5.6148376,4.366699
2018-12-28 11:39:03,4562,-27.142334,-6.4858246,3.902481
2018-12-28 11:39:03,4571,-25.969849,-7.5530243,3.811554
2018-12-28 11:39:03,4582,-23.22528,-9.429001,4.1250153
2018-12-28 11:39:03,4591,-22.196365,-10.1635895,4.452835
2018-12-28 11:39:03,4601,-19.547516,-12.585129,5.610962
2018-12-28 11:39:03,4612,-18.609528,-14.0351715,6.6805573
2018-12-28 11:39:03,4621,-18.542526,-15.626404,8.283737
2018-12-28 11:39:03,4632,-18.812927,-17.499985,10.109467
2018-12-28 11:39:03,4641,-18.894272,-18.571976,10.915848
2018-12-28 11:39:03,4652,-18.999557,-21.682632,12.952133
2018-12-28 11:39:03,4661,-18.597565,-24.264496,14.131805
2018-12-28 11:39:03,4672,-16.982407,-27.597702,14.782654
2018-12-28 11:39:03,4681,-13.414719,-30.844757,14.871185
2018-12-28 11:39:03,4691,-8.973633,-32.488632,14.306473
2018-12-28 11:39:03,4702,-5.346115,-32.735092,13.361313
2018-12-28 11:39:03,4711,-3.4031372,-32.74466,12.40657
2018-12-28 11:39:03,4722,0.43255615,-32.409668,9.824722
2018-12-28 11:39:03,4731,3.9404297,-31.51236,7.39122
2018-12-28 11:39:03,4742,7.0415344,-29.519135,4.711258
2018-12-28 11:39:03,4751,10.374725,-27.58574,2.2179413
2018-12-28 11:39:03,4762,13.980713,-25.771973,0.30847168
2018-12-28 11:39:03,4771,17.246918,-24.111359,-0.71087646
2018-12-28 11:39:03,4782,20.204453,-22.18274,-0.380661
2018-12-28 11:39:03,4791,23.035156,-20.452728,0.97605896
2018-12-28 11:39:03,4802,25.545227,-19.105576,2.545761
2018-12-28 11:39:03,4811,27.402054,-17.48323,3.622528
2018-12-28 11:39:03,4822,29.699173,-15.592911,3.7062683
2018-12-28 11:39:03,4831,29.964767,-15.284225,3.6009827
2018-12-28 11:39:03,4842,29.12967,-14.903778,3.5866241
2018-12-28 11:39:03,4851,26.882812,-14.815231,4.2566223
2018-12-28 11:39:03,4862,23.597473,-15.061691,5.4817505
2018-12-28 11:39:03,4871,18.582108,-16.191116,7.5084686
2018-12-28 11:39:03,4882,15.67244,-16.803665,7.872177
2018-12-28 11:39:03,4892,13.932861,-17.70337,7.3314056
2018-12-28 11:39:03,4901,13.014008,-18.588715,6.240265
2018-12-28 11:39:03,4912,12.939835,-19.955017,5.4985046
2018-12-28 11:39:03,4921,13.255692,-21.852524,5.352539
2018-12-28 11:39:03,4931,12.748413,-23.642365,5.6827393
2018-12-28 11:39:03,4941,11.250504,-25.178558,6.4604187
2018-12-28 11:39:03,4951,9.18071,-26.638168,7.6352844
2018-12-28 11:39:03,4962,4.557785,-28.5979,9.334198
2018-12-28 11:39:03,4971,2.81102,-29.143463,9.762512
2018-12-28 11:39:03,4982,-0.97442627,-29.806274,10.382248
2018-12-28 11:39:03,4991,-4.889084,-29.983337,10.597595
2018-12-28 11:39:03,5001,-9.263168,-29.356415,10.401398
2018-12-28 11:39:03,5012,-11.577026,-28.418442,10.047256
2018-12-28 11:39:03,5021,-13.807129,-27.092804,9.618942
2018-12-28 11:39:03,5032,-15.575424,-25.527908,9.384445
2018-12-28 11:39:03,5041,-17.475327,-23.340866,9.472977
2018-12-28 11:39:03,5051,-19.078522,-20.797302,9.989822
2018-12-28 11:39:03,5062,-19.916016,-18.370972,10.762711
2018-12-28 11:39:03,5071,-20.4879,-16.284424,11.030701
2018-12-28 11:39:03,5082,-21.72499,-14.554413,10.365494
2018-12-28 11:39:03,5091,-24.017303,-13.080444,8.965698
2018-12-28 11:39:03,5102,-26.412521,-11.553818,7.20697
2018-12-28 11:39:03,5111,-28.374634,-9.909958,5.620529
2018-12-28 11:39:03,5121,-29.336548,-7.5123444,4.235092
2018-12-28 11:39:03,5132,-28.702454,-6.3135376,3.9383698
2018-12-28 11:39:03,5141,-27.568253,-5.612442,4.1010895
2018-12-28 11:39:03,5152,-26.501068,-5.217621,4.2374725
2018-12-28 11:39:03,5161,-25.541534,-5.102768,4.0197296
2018-12-28 11:39:03,5171,-24.7854,-5.1266937,3.5435638
2018-12-28 11:39:03,5182,-24.117813,-5.6555176,3.124817
2018-12-28 11:39:03,5191,-23.79477,-6.471466,3.0195312
2018-12-28 11:39:03,5202,-23.636856,-7.4812317,3.0410614
2018-12-28 11:39:03,5211,-23.641632,-8.548431,3.2229156
2018-12-28 11:39:03,5221,-23.309036,-9.61084,3.6775513
2018-12-28 11:39:03,5232,-22.823288,-10.768967,4.4217224
2018-12-28 11:39:03,5242,-22.002548,-12.173553,5.2998962
2018-12-28 11:39:03,5251,-20.696075,-13.996887,6.417343
2018-12-28 11:39:03,5262,-19.521194,-15.676651,7.522827
2018-12-28 11:39:03,5271,-17.46576,-17.885223,9.494507
2018-12-28 11:39:03,5281,-16.556488,-19.57695,11.135986
2018-12-28 11:39:03,5292,-16.262177,-21.431396,12.557327
2018-12-28 11:39:03,5301,-16.228668,-23.541855,13.57666
2018-12-28 11:39:03,5311,-15.549103,-26.224213,13.990631
2018-12-28 11:39:03,5322,-12.6705475,-29.282242,13.693909
2018-12-28 11:39:03,5331,-9.72258,-30.784927,12.887527
2018-12-28 11:39:03,5342,-6.4037476,-31.481247,11.99501
2018-12-28 11:39:03,5351,-3.4174957,-31.354431,11.021133
2018-12-28 11:39:03,5362,0.45887756,-30.942856,9.020737
2018-12-28 11:39:03,5371,1.8132172,-30.351837,8.140167
2018-12-28 11:39:03,5382,4.2921753,-28.669678,6.4436646
2018-12-28 11:39:03,5391,9.271637,-27.760406,4.5605164
2018-12-28 11:39:03,5402,11.111725,-27.561798,4.091522
2018-12-28 11:39:03,5411,16.742035,-25.652328,3.30188
2018-12-28 11:39:03,5422,20.161377,-23.197296,3.289917
2018-12-28 11:39:03,5431,20.93425,-20.395294,3.9934082
2018-12-28 11:39:03,5442,20.66626,-18.579147,5.0821533
2018-12-28 11:39:03,5451,21.132858,-17.31813,5.694702
2018-12-28 11:39:03,5461,22.956192,-16.597885,5.1898193
2018-12-28 11:39:03,5472,25.246124,-16.219818,3.6153412
2018-12-28 11:39:03,5482,26.387497,-15.7604065,1.8661957
2018-12-28 11:39:03,5491,25.887405,-15.370377,1.2488403
2018-12-28 11:39:03,5501,24.097565,-15.377548,2.2514343
2018-12-28 11:39:03,5512,21.498962,-15.513947,4.476761
2018-12-28 11:39:03,5521,18.950607,-15.925507,6.934189
2018-12-28 11:39:03,5531,16.529068,-17.21045,8.994415
2018-12-28 11:39:03,5542,15.559982,-18.423615,8.908264
2018-12-28 11:39:04,5551,14.633957,-19.849731,8.35553
2018-12-28 11:39:04,5562,12.851303,-21.429,7.793213
2018-12-28 11:39:04,5571,10.623581,-23.21643,7.5204315
2018-12-28 11:39:04,5582,8.101547,-24.745453,7.455826
2018-12-28 11:39:04,5591,5.3450165,-26.195496,7.702286
2018-12-28 11:39:04,5601,2.9210815,-27.411057,8.123428
2018-12-28 11:39:04,5612,0.690979,-28.358612,8.326813
2018-12-28 11:39:04,5621,-1.560669,-29.081253,8.389023
2018-12-28 11:39:04,5631,-4.183197,-29.528702,8.226318
2018-12-28 11:39:04,5642,-9.401947,-29.263107,7.8865356
2018-12-28 11:39:04,5651,-11.172638,-29.035782,7.7333984
2018-12-28 11:39:04,5662,-15.5395355,-26.965988,7.427109
2018-12-28 11:39:04,5671,-17.89647,-24.946442,7.443863
2018-12-28 11:39:04,5682,-19.83226,-22.90776,8.135391
2018-12-28 11:39:04,5691,-20.413712,-20.713547,9.171478
2018-12-28 11:39:04,5702,-20.059586,-18.375763,9.872574
2018-12-28 11:39:04,5711,-19.81073,-16.064285,10.047256
2018-12-28 11:39:04,5722,-21.095673,-13.800674,9.590225
2018-12-28 11:39:04,5731,-23.26596,-12.056305,8.2957
2018-12-28 11:39:04,5742,-25.500854,-10.749832,6.204376
2018-12-28 11:39:04,5751,-28.202362,-9.5271,3.4454498
2018-12-28 11:39:04,5762,-30.504257,-8.141647,1.2392731
2018-12-28 11:39:04,5771,-31.600159,-6.9787445,0.31803894
2018-12-28 11:39:04,5782,-30.913422,-5.315735,1.0287018
2018-12-28 11:39:04,5791,-29.855804,-4.806061,2.3519287
2018-12-28 11:39:04,5802,-28.87474,-4.444748,3.7756653
2018-12-28 11:39:04,5811,-28.250214,-4.260498,4.8332977
2018-12-28 11:39:04,5822,-27.71901,-4.6146393,5.476959
2018-12-28 11:39:04,5831,-27.419907,-5.2248077,6.0368805
2018-12-28 11:39:04,5841,-27.14952,-6.126892,6.974869
2018-12-28 11:39:04,5851,-26.565674,-7.3376617,8.204773
2018-12-28 11:39:04,5861,-25.744934,-8.995895,9.372482
2018-12-28 11:39:04,5871,-24.747116,-10.996292,10.130997
2018-12-28 11:39:04,5881,-23.632065,-13.226395,10.556931
2018-12-28 11:39:04,5891,-22.574432,-15.549835,10.94696
2018-12-28 11:39:04,5902,-20.854004,-19.131882,11.904083
2018-12-28 11:39:04,5911,-20.480713,-20.419235,12.291718
2018-12-28 11:39:04,5921,-19.581024,-24.726303,13.344559
2018-12-28 11:39:04,5932,-17.867752,-27.746048,13.653244
2018-12-28 11:39:04,5941,-14.929367,-30.44516,13.667587
2018-12-28 11:39:04,5951,-11.2204895,-32.20627,13.141174
2018-12-28 11:39:04,5962,-7.592972,-32.983932,12.05722
2018-12-28 11:39:04,5971,-4.3530884,-32.95044,10.724426
2018-12-28 11:39:04,5982,-2.2402344,-32.54605,9.298294
2018-12-28 11:39:04,5991,0.1741333,-32.024414,7.7142487
2018-12-28 11:39:04,6002,3.904541,-31.050537,5.9172363
2018-12-28 11:39:04,6011,8.616013,-29.473663,4.1226196
2018-12-28 11:39:04,6022,15.648514,-26.820023,1.8661957
2018-12-28 11:39:04,6031,17.44313,-26.016037,1.3876343
2018-12-28 11:39:04,6041,20.249908,-22.92212,1.033493
2018-12-28 11:39:04,6052,21.963165,-21.050934,1.5838318
2018-12-28 11:39:04,6061,23.351013,-19.691818,1.5120544
2018-12-28 11:39:04,6071,24.540237,-18.516937,0.37068176
2018-12-28 11:39:04,6082,26.327682,-18.167587,-1.2636261
2018-12-28 11:39:04,6091,27.818405,-17.897186,-3.0199585
2018-12-28 11:39:04,6102,27.131668,-17.346848,-4.235504
2018-12-28 11:39:04,6111,24.667068,-17.0932,-3.8789825
2018-12-28 11:39:04,6122,21.570755,-17.121918,-2.242279
2018-12-28 11:39:04,6131,18.783112,-17.425812,-0.021743774
2018-12-28 11:39:04,6141,16.450104,-17.885223,2.0145416
2018-12-28 11:39:04,6152,14.203247,-18.404465,3.7134552
2018-12-28 11:39:04,6161,13.408829,-19.368774,4.608368
2018-12-28 11:39:04,6172,12.57373,-20.347443,5.4649963
2018-12-28 11:39:04,6181,11.530472,-21.34285,6.510666
2018-12-28 11:39:04,6191,10.061264,-22.49141,7.546753
2018-12-28 11:39:04,6202,7.546417,-23.549042,8.465591
2018-12-28 11:39:04,6211,4.2921753,-24.565994,9.291122
2018-12-28 11:39:04,6222,1.0044403,-25.4944,9.860611
2018-12-28 11:39:04,6231,-2.3885803,-26.296005,10.128616
2018-12-28 11:39:04,6242,-5.781601,-26.70996,10.197998
2018-12-28 11:39:04,6251,-8.932953,-26.489822,10.147751
2018-12-28 11:39:04,6262,-11.256393,-25.702576,10.284149
2018-12-28 11:39:04,6271,-12.794968,-24.48703,10.549744
2018-12-28 11:39:04,6281,-13.519989,-23.11354,10.865601
2018-12-28 11:39:04,6292,-13.99617,-20.665695,11.593018
2018-12-28 11:39:04,6301,-14.1540985,-19.682236,12.143372
2018-12-28 11:39:04,6312,-15.025085,-16.853928,13.586243
2018-12-28 11:39:04,6321,-15.733353,-15.097595,13.681946
2018-12-28 11:39:04,6331,-16.60913,-13.67865,13.009567
2018-12-28 11:39:04,6342,-18.22908,-12.412842,11.762909
2018-12-28 11:39:04,6351,-20.552505,-11.115936,10.071182
2018-12-28 11:39:04,6362,-23.01233,-9.699387,8.558914
2018-12-28 11:39:04,6371,-25.041443,-7.955017,7.2739716
2018-12-28 11:39:04,6381,-26.003357,-6.229782,6.268982
2018-12-28 11:39:04,6392,-26.017715,-5.016632,5.689926
2018-12-28 11:39:04,6401,-25.33815,-4.6481323,5.6253204
2018-12-28 11:39:04,6411,-25.407547,-4.695984,5.4578247
2018-12-28 11:39:04,6422,-25.816711,-4.643341,5.393219
2018-12-28 11:39:04,6431,-27.92479,-4.4064636,5.2065735
2018-12-28 11:39:04,6442,-29.642838,-4.358597,5.2640076
2018-12-28 11:39:04,6451,-30.793777,-4.7270966,5.520035
2018-12-28 11:39:04,6462,-30.84642,-5.4712677,5.981842
2018-12-28 11:39:04,6471,-29.664368,-6.7322845,6.5633087
2018-12-28 11:39:04,6482,-27.68312,-8.625,7.2739716
2018-12-28 11:39:04,6491,-24.952896,-10.828796,8.008575
2018-12-28 11:39:04,6502,-22.56247,-12.688019,8.779053
2018-12-28 11:39:04,6511,-20.56926,-14.329498,9.992218
2018-12-28 11:39:04,6522,-19.145523,-16.023605,11.631302
2018-12-28 11:39:04,6531,-18.016113,-18.112549,13.08374
2018-12-28 11:39:04,6542,-16.647415,-20.17038,14.000198
2018-12-28 11:39:05,6551,-15.197372,-21.967392,14.203583
2018-12-28 11:39:05,6562,-12.799759,-24.697601,13.729813
2018-12-28 11:39:05,6571,-10.2178955,-26.784134,13.567093
2018-12-28 11:39:05,6582,-8.260574,-27.913544,13.179459
2018-12-28 11:39:05,6591,-5.908432,-28.260513,12.251038
2018-12-28 11:39:05,6602,-2.9269714,-28.456726,10.841675
2018-12-28 11:39:05,6611,0.32487488,-28.863495,8.556519
2018-12-28 11:39:05,6622,4.6798096,-28.746246,5.3549347
2018-12-28 11:39:05,6632,10.554199,-28.124115,1.9666901
2018-12-28 11:39:05,6641,16.433365,-27.454132,-0.7659149
2018-12-28 11:39:05,6652,21.278824,-26.415634,-2.6466675
2018-12-28 11:39:05,6662,25.8228,-24.67366,-3.2975159
2018-12-28 11:39:05,6672,28.584106,-22.240173,-2.735199
2018-12-28 11:39:05,6681,28.82579,-20.218231,-1.3138733
2018-12-28 11:39:05,6691,27.303955,-19.129501,0.17686462
2018-12-28 11:39:05,6702,23.867859,-18.292007,0.7942047
2018-12-28 11:39:05,6711,22.788696,-18.069473,0.60757446
2018-12-28 11:39:05,6721,19.969955,-17.758408,0.36349487
2018-12-28 11:39:05,6732,18.44812,-17.423416,1.0717773
2018-12-28 11:39:05,6741,17.584305,-17.241562,2.2610016
2018-12-28 11:39:05,6752,16.93106,-17.246338,3.5674896
2018-12-28 11:39:05,6761,16.51471,-17.54306,4.440872
2018-12-28 11:39:05,6772,16.392685,-18.17955,4.527008
2018-12-28 11:39:05,6781,16.038544,-19.244354,4.053238
2018-12-28 11:39:05,6792,14.803848,-20.435974,3.553131
2018-12-28 11:39:05,6801,13.12648,-21.563004,3.4717712
2018-12-28 11:39:05,6811,10.714508,-22.565598,3.8641968
2018-12-28 11:39:05,6821,7.9220886,-23.64476,4.5748596
2018-12-28 11:39:05,6832,4.1198883,-25.190521,5.512848
2018-12-28 11:39:05,6841,1.5523987,-25.688217,5.845459
2018-12-28 11:39:05,6852,-0.9792175,-25.917938,6.166092
2018-12-28 11:39:05,6861,-3.6328583,-26.035187,6.6733704
2018-12-28 11:39:05,6872,-6.035248,-26.21225,7.24765
2018-12-28 11:39:05,6881,-8.444824,-26.092606,7.9224243
2018-12-28 11:39:05,6892,-11.129562,-25.224014,8.575668
2018-12-28 11:39:05,6901,-13.809525,-23.895996,9.551941
2018-12-28 11:39:05,6912,-16.630661,-22.075058,10.858414
2018-12-28 11:39:05,6922,-19.059387,-19.641556,12.033295
2018-12-28 11:39:05,6931,-21.210526,-16.030792,12.861206
2018-12-28 11:39:05,6942,-21.59816,-14.875061,12.65065
2018-12-28 11:39:05,6951,-22.146118,-12.89859,11.68634
2018-12-28 11:39:05,6961,-23.1559,-10.847931,9.807968
2018-12-28 11:39:05,6972,-23.837845,-9.4361725,8.68335
2018-12-28 11:39:05,6981,-24.471954,-8.02919,8.077957
2018-12-28 11:39:05,6992,-25.101257,-6.6796417,8.037277
2018-12-28 11:39:05,7001,-25.761673,-5.550232,8.491913
2018-12-28 11:39:05,7012,-26.484314,-4.712738,9.209763
2018-12-28 11:39:05,7021,-26.90306,-4.059494,9.496902
2018-12-28 11:39:05,7032,-27.367264,-3.9781494,9.0781555
2018-12-28 11:39:05,7041,-27.649612,-4.4064636,7.9726715
2018-12-28 11:39:05,7052,-27.568253,-5.078842,6.9198303
2018-12-28 11:39:05,7061,-27.3553,-5.921112,6.1110535
2018-12-28 11:39:05,7072,-26.577637,-7.0074615,5.7784576
2018-12-28 11:39:05,7081,-25.129974,-8.19429,5.969879
2018-12-28 11:39:05,7092,-21.921204,-10.623016,6.697296
2018-12-28 11:39:05,7101,-19.939941,-12.233383,7.39122
2018-12-28 11:39:05,7112,-18.530563,-13.539856,8.412949
2018-12-28 11:39:05,7121,-17.71701,-14.877457,9.784042
2018-12-28 11:39:05,7132,-17.463364,-16.294006,11.2341
2018-12-28 11:39:05,7141,-17.365265,-18.0934,12.645859
2018-12-28 11:39:05,7152,-16.762268,-20.720718,13.567093
2018-12-28 11:39:05,7161,-15.573044,-23.443756,13.8159485
2018-12-28 11:39:05,7171,-14.668549,-25.501587,13.428314
2018-12-28 11:39:05,7182,-13.309433,-27.430206,12.942566
2018-12-28 11:39:05,7191,-10.799362,-28.997498,11.980652
2018-12-28 11:39:05,7202,-7.3895874,-30.61026,9.350937
2018-12-28 11:39:05,7211,-6.1333466,-30.914154,8.31485
2018-12-28 11:39:05,7222,-0.66096497,-30.658112,5.271179
2018-12-28 11:39:05,7231,4.024185,-29.844559,3.627304
2018-12-28 11:39:05,7242,9.080215,-28.746246,2.27536
2018-12-28 11:39:05,7251,13.882614,-26.843964,1.2631989
2018-12-28 11:39:05,7261,17.71112,-24.388916,0.31324768
2018-12-28 11:39:05,7272,20.278625,-22.441162,-0.21556091
2018-12-28 11:39:05,7281,22.362778,-21.160995,-0.53141785
2018-12-28 11:39:05,7292,24.540237,-20.419235,-0.9190521
2018-12-28 11:39:05,7301,26.011826,-19.440567,-1.246872
2018-12-28 11:39:05,7311,25.918503,-18.36618,-1.3856506
2018-12-28 11:39:05,7322,24.40863,-17.447342,-1.0195465
2018-12-28 11:39:05,7331,22.427383,-16.96399,-0.13420105
2018-12-28 11:39:05,7342,20.259476,-16.602676,1.0287018
2018-12-28 11:39:05,7351,18.055695,-16.34665,2.2107544
2018-12-28 11:39:05,7362,16.57454,-16.181534,3.1654968
2018-12-28 11:39:05,7371,15.69397,-16.033188,3.9168396
2018-12-28 11:39:05,7382,15.347015,-16.34665,4.5030823
2018-12-28 11:39:05,7391,14.837341,-16.899384,5.2400665
2018-12-28 11:39:05,7403,14.188889,-17.64595,6.079956
2018-12-28 11:39:05,7411,13.282013,-18.382935,6.7738647
2018-12-28 11:39:05,7422,11.8750305,-19.325714,7.39122
2018-12-28 11:39:05,7431,10.125885,-20.309158,7.9200287
2018-12-28 11:39:05,7441,9.132858,-20.792511,8.0420685
2018-12-28 11:39:05,7452,5.5460205,-22.149246,7.752533
2018-12-28 11:39:05,7461,3.452301,-23.101578,7.1926117
2018-12-28 11:39:05,7471,1.3107147,-24.039566,6.5369873
2018-12-28 11:39:05,7482,-2.1253815,-25.113953,5.620529
2018-12-28 11:39:05,7491,-4.642624,-25.417831,5.548752
2018-12-28 11:39:05,7502,-7.6001587,-25.422623,5.9100647
2018-12-28 11:39:05,7511,-10.191574,-25.06369,6.4939117
2018-12-28 11:39:05,7522,-12.440826,-24.099396,7.218933
2018-12-28 11:39:05,7531,-14.252197,-22.740265,8.14975
2018-12-28 11:39:05,7542,-15.735748,-21.187332,8.984833
2018-12-28 11:39:06,7551,-17.338943,-19.395096,9.712265
2018-12-28 11:39:06,7561,-19.313019,-17.499985,10.432495
2018-12-28 11:39:06,7572,-20.882706,-15.540268,11.028305
2018-12-28 11:39:06,7581,-21.856598,-13.422607,11.140778
2018-12-28 11:39:06,7592,-22.09108,-10.651718,10.042465
2018-12-28 11:39:06,7601,-22.313614,-9.03418,8.831696
2018-12-28 11:39:06,7611,-22.595978,-8.361801,8.290924
2018-12-28 11:39:06,7622,-24.570053,-6.5312805,7.374466
2018-12-28 11:39:06,7631,-26.639847,-5.3181305,7.608963
2018-12-28 11:39:06,7642,-28.353104,-4.2222137,8.429703
2018-12-28 11:39:06,7651,-29.14273,-3.3751526,9.262405
2018-12-28 11:39:06,7662,-28.95131,-2.9683685,9.463409
2018-12-28 11:39:06,7671,-28.03247,-3.1717682,8.994415
2018-12-28 11:39:06,7682,-26.474731,-3.9589996,8.357925
2018-12-28 11:39:06,7692,-24.883514,-5.1003723,7.860214
2018-12-28 11:39:06,7701,-23.833069,-6.359009,7.65683
2018-12-28 11:39:06,7712,-22.761078,-7.7612,7.8578186
2018-12-28 11:39:06,7721,-22.031265,-9.029388,8.343567
2018-12-28 11:39:06,7732,-21.665161,-10.194702,8.831696
2018-12-28 11:39:06,7741,-21.430664,-11.398285,9.271973
2018-12-28 11:39:06,7752,-21.239243,-13.496796,9.750549
2018-12-28 11:39:06,7761,-20.978424,-15.344055,10.095108
2018-12-28 11:39:06,7771,-19.930374,-17.81105,10.255432
2018-12-28 11:39:06,7781,-17.865356,-20.699188,10.437286
2018-12-28 11:39:06,7792,-15.357681,-23.228409,10.6358795
2018-12-28 11:39:06,7801,-12.3211975,-25.003876,10.616745
2018-12-28 11:39:06,7811,-9.131561,-25.779144,10.676559
2018-12-28 11:39:06,7822,-6.7937775,-25.817444,10.958923
2018-12-28 11:39:06,7831,-5.5160065,-26.341461,11.384842
2018-12-28 11:39:06,7841,-3.0346527,-27.73169,10.702881
2018-12-28 11:39:06,7854,-0.26376343,-28.090622,8.891525
2018-12-28 11:39:06,7862,3.067047,-27.796295,6.697296
2018-12-28 11:39:06,7871,7.0343475,-27.14067,4.402588
2018-12-28 11:39:06,7881,11.379715,-26.250534,1.9954071
2018-12-28 11:39:06,7891,15.215408,-24.97995,-0.036102295
2018-12-28 11:39:06,7901,18.486404,-23.805069,-0.9740906
2018-12-28 11:39:06,7912,21.10176,-22.9628,-1.0841522
2018-12-28 11:39:06,7921,23.080612,-21.790314,-0.9573364
2018-12-28 11:39:06,7931,23.977936,-20.148834,-0.82095337
2018-12-28 11:39:06,7942,23.537643,-18.868683,-0.78266907
2018-12-28 11:39:06,7951,22.776733,-18.07666,-0.93341064
2018-12-28 11:39:06,7961,22.19049,-17.578949,-0.6821594
2018-12-28 11:39:06,7971,21.623398,-17.397095,-0.19163513
2018-12-28 11:39:06,7981,20.72847,-16.94246,0.8420563
2018-12-28 11:39:06,7991,19.756989,-16.899384,2.0839386
2018-12-28 11:39:06,8002,18.534256,-17.081238,3.4980927
2018-12-28 11:39:06,8011,17.254105,-17.432983,4.756729
2018-12-28 11:39:06,8021,15.844727,-18.186722,5.8119507
2018-12-28 11:39:06,8031,14.267853,-19.263489,6.6614075
2018-12-28 11:39:06,8042,12.485199,-20.337875,7.2404785
2018-12-28 11:39:06,8051,10.657089,-21.620422,7.632889
2018-12-28 11:39:06,8061,8.848114,-22.900589,7.5659027
2018-12-28 11:39:06,8071,7.1898804,-23.628006,7.1304016
2018-12-28 11:39:06,8082,6.036545,-24.434387,6.9653015
2018-12-28 11:39:06,8091,5.0818024,-25.484833,7.046646
2018-12-28 11:39:06,8101,3.4187927,-26.494598,7.250046
2018-12-28 11:39:06,8112,1.2676544,-27.597702,7.3074646
2018-12-28 11:39:06,8121,-1.3381348,-28.526108,7.3648987
2018-12-28 11:39:06,8131,-5.111618,-28.78215,7.482147
2018-12-28 11:39:06,8142,-11.979019,-28.241364,8.003784
2018-12-28 11:39:06,8152,-16.455994,-26.461105,8.755127
2018-12-28 11:39:06,8161,-18.33435,-25.180939,9.291122
2018-12-28 11:39:06,8172,-21.748917,-20.99112,11.609772
2018-12-28 11:39:06,8181,-22.442825,-18.361404,12.973679
2018-12-28 11:39:06,8192,-22.718002,-15.810654,13.591019
2018-12-28 11:39:06,8201,-23.256393,-13.257507,13.47377
2018-12-28 11:39:06,8212,-24.357086,-10.867081,12.854034
2018-12-28 11:39:06,8221,-25.531967,-8.97197,11.676758
2018-12-28 11:39:06,8232,-26.71402,-7.5099487,10.176468
2018-12-28 11:39:06,8241,-27.630478,-6.315933,8.925018
2018-12-28 11:39:06,8252,-28.228683,-5.234375,8.542175
2018-12-28 11:39:06,8261,-28.759888,-4.243744,9.315048
2018-12-28 11:39:06,8272,-29.262375,-3.224411,11.334595
2018-12-28 11:39:06,8281,-29.03746,-3.20047,11.844269
2018-12-28 11:39:06,8291,-28.113815,-3.5474396,11.760513
2018-12-28 11:39:06,8302,-27.518005,-4.3274994,10.690918
2018-12-28 11:39:06,8311,-27.089691,-5.492798,9.429901
2018-12-28 11:39:06,8322,-26.675735,-7.0816345,8.494308
2018-12-28 11:39:06,8331,-25.756897,-8.632187,7.6807556
2018-12-28 11:39:06,8342,-24.431274,-10.211441,7.2691803
2018-12-28 11:39:06,8351,-23.069748,-11.838562,7.5491486
2018-12-28 11:39:06,8362,-21.808731,-13.401077,8.491913
2018-12-28 11:39:06,8371,-20.44722,-15.17894,9.843857
2018-12-28 11:39:06,8381,-18.714813,-17.260696,11.0785675
2018-12-28 11:39:06,8392,-17.078125,-19.203674,11.949554
2018-12-28 11:39:06,8401,-14.261765,-22.288025,12.885147
2018-12-28 11:39:06,8412,-11.8450165,-24.518127,13.612564
2018-12-28 11:39:06,8421,-9.724976,-25.975357,13.961914
2018-12-28 11:39:06,8431,-7.6240845,-27.080841,14.071976
2018-12-28 11:39:06,8442,-5.4705353,-28.07866,14.205978
2018-12-28 11:39:06,8451,-3.1662598,-28.49022,13.334991
2018-12-28 11:39:06,8462,-1.1826019,-28.774963,11.700699
2018-12-28 11:39:06,8471,1.0762177,-29.038177,9.410767
2018-12-28 11:39:06,8482,4.373535,-28.710358,6.553726
2018-12-28 11:39:06,8491,8.826569,-27.844162,3.3952026
2018-12-28 11:39:06,8501,13.423187,-26.674072,0.95692444
2018-12-28 11:39:06,8512,16.730072,-25.018234,-0.22991943
2018-12-28 11:39:06,8521,18.268646,-23.52272,-0.021743774
2018-12-28 11:39:06,8531,19.400452,-21.862106,1.416336
2018-12-28 11:39:06,8542,20.304947,-20.33548,1.9499359
2018-12-28 11:39:07,8551,21.032364,-18.624603,1.8326874
2018-12-28 11:39:07,8561,21.915314,-17.258316,1.3278046
2018-12-28 11:39:07,8572,22.776733,-16.478256,0.9521332
2018-12-28 11:39:07,8581,23.04712,-16.08104,0.94973755
2018-12-28 11:39:07,8592,22.731262,-15.825012,1.3254089
2018-12-28 11:39:07,8601,22.302948,-15.947037,1.7800446
2018-12-28 11:39:07,8611,21.202255,-16.325104,1.8996887
2018-12-28 11:39:07,8622,19.713913,-16.664886,2.1150513
2018-12-28 11:39:07,8631,18.24234,-16.961594,3.1319885
2018-12-28 11:39:07,8642,15.270447,-17.552628,5.998596
2018-12-28 11:39:07,8652,13.1575775,-18.289612,8.195206
2018-12-28 11:39:07,8662,11.267258,-18.914139,9.762512
2018-12-28 11:39:07,8672,10.066055,-19.701385,10.336792
2018-12-28 11:39:07,8681,9.355392,-20.979141,9.927612
2018-12-28 11:39:07,8691,7.8120117,-22.30716,8.72641
2018-12-28 11:39:07,8701,5.7924805,-23.915146,7.53479
2018-12-28 11:39:07,8712,3.6796112,-25.39151,6.4843445
2018-12-28 11:39:07,8721,1.5380402,-26.229004,5.316635
2018-12-28 11:39:07,8731,-0.7782135,-26.697998,4.538971
2018-12-28 11:39:07,8741,-3.3385315,-27.308167,4.6035767
2018-12-28 11:39:07,8752,-6.171631,-27.418228,5.374069
2018-12-28 11:39:07,8761,-8.404144,-26.882248,6.3623047
2018-12-28 11:39:07,8771,-10.39975,-25.972961,7.3361816
2018-12-28 11:39:07,8781,-13.91481,-24.233383,8.712051
2018-12-28 11:39:07,8792,-16.250214,-22.65651,9.6285095
2018-12-28 11:39:07,8801,-18.171646,-20.333084,10.329605
2018-12-28 11:39:07,8811,-19.64801,-17.767975,10.863205
2018-12-28 11:39:07,8822,-20.495071,-15.370377,11.545166
2018-12-28 11:39:07,8831,-21.418701,-12.884232,12.310867
2018-12-28 11:39:07,8842,-22.591187,-10.740265,12.832504
2018-12-28 11:39:07,8851,-23.687103,-9.309357,12.691315
2018-12-28 11:39:07,8862,-24.577225,-7.943054,11.861008
2018-12-28 11:39:07,8871,-25.448212,-6.495392,10.753143
2018-12-28 11:39:07,8881,-26.711624,-5.313339,9.922821
2018-12-28 11:39:07,8892,-28.33397,-4.2963867,9.676361
2018-12-28 11:39:07,8902,-30.542542,-3.1932983,9.662003
2018-12-28 11:39:07,8912,-31.825089,-3.0186157,9.784042
2018-12-28 11:39:07,8921,-32.3228,-3.1095428,9.829514
2018-12-28 11:39:07,8931,-32.435257,-4.1264954,9.549545
2018-12-28 11:39:07,8942,-31.157486,-5.571762,9.003983
2018-12-28 11:39:07,8951,-28.908234,-7.416626,8.386627
2018-12-28 11:39:07,8962,-25.845428,-9.531891,7.654434
2018-12-28 11:39:07,8971,-23.07454,-11.443756,7.2644043
2018-12-28 11:39:07,8982,-21.167465,-13.183334,7.259613
2018-12-28 11:39:07,8991,-20.102646,-14.621414,7.5898285
2018-12-28 11:39:07,9002,-19.679123,-16.009262,8.161713
2018-12-28 11:39:07,9011,-19.356094,-17.858902,9.042267
2018-12-28 11:39:07,9022,-18.781815,-19.751633,10.1501465
2018-12-28 11:39:07,9031,-16.544525,-23.290619,11.521225
2018-12-28 11:39:07,9041,-15.37204,-24.460709,12.01416
2018-12-28 11:39:07,9052,-12.725586,-27.518738,13.485733
2018-12-28 11:39:07,9061,-10.225082,-29.157822,13.80159
2018-12-28 11:39:07,9072,-7.2555847,-29.928299,13.167496
2018-12-28 11:39:07,9081,-4.2214813,-30.248947,11.6336975
2018-12-28 11:39:07,9091,-1.9172058,-30.124512,9.7314
2018-12-28 11:39:07,9102,-0.28529358,-29.722519,8.250244
2018-12-28 11:39:07,9111,0.69815063,-29.643555,7.69989
2018-12-28 11:39:07,9122,5.3115234,-29.265488,5.857422
2018-12-28 11:39:07,9131,10.243118,-28.416046,4.4671936
2018-12-28 11:39:07,9142,15.492981,-27.219635,3.4741669
2018-12-28 11:39:07,9151,20.075241,-25.606873,2.9621124
2018-12-28 11:39:07,9162,24.834564,-24.175964,2.4787598
2018-12-28 11:39:07,9171,31.443542,-21.620422,1.2560272
2018-12-28 11:39:07,9182,32.168564,-19.387924,1.0526276
2018-12-28 11:39:07,9191,30.519897,-17.897186,2.1557312
2018-12-28 11:39:07,9202,28.10315,-17.320526,4.034088
2018-12-28 11:39:07,9211,25.22937,-16.767776,5.254425
2018-12-28 11:39:07,9222,22.379517,-16.590714,5.7808533
2018-12-28 11:39:07,9231,19.314316,-16.870667,6.091919
2018-12-28 11:39:07,9242,16.775528,-17.21045,5.9794617
2018-12-28 11:39:07,9251,15.023987,-17.734482,5.381256
2018-12-28 11:39:07,9262,14.141037,-18.536072,4.2781525
2018-12-28 11:39:07,9271,13.648117,-19.170181,2.969284
2018-12-28 11:39:07,9282,13.155197,-19.830597,2.557724
2018-12-28 11:39:07,9291,12.607239,-20.969574,3.1439667
2018-12-28 11:39:07,9301,11.456284,-22.395706,4.1752625
2018-12-28 11:39:07,9312,9.752594,-23.702179,4.826111
2018-12-28 11:39:07,9321,6.7543945,-25.508759,5.0797577
2018-12-28 11:39:07,9332,4.196457,-26.432388,5.307068
2018-12-28 11:39:07,9341,1.3179016,-27.13588,5.816742
2018-12-28 11:39:07,9352,-1.7688446,-27.51155,6.7714844
2018-12-28 11:39:07,9361,-4.9943695,-27.49002,7.769287
2018-12-28 11:39:07,9372,-7.7509003,-26.973175,8.649841
2018-12-28 11:39:07,9381,-9.74173,-26.138077,9.44426
2018-12-28 11:39:07,9392,-11.201355,-25.157013,10.04007
2018-12-28 11:39:07,9401,-12.414505,-23.836182,10.640671
2018-12-28 11:39:07,9411,-13.814316,-22.27127,11.023529
2018-12-28 11:39:07,9422,-15.223694,-20.95044,11.222122
2018-12-28 11:39:07,9431,-17.556686,-18.990707,10.676559
2018-12-28 11:39:07,9442,-19.403946,-17.325302,9.872574
2018-12-28 11:39:07,9452,-21.174637,-15.533081,9.099701
2018-12-28 11:39:07,9461,-22.79457,-13.358002,8.690521
2018-12-28 11:39:07,9472,-24.371445,-11.039368,8.68573
2018-12-28 11:39:07,9481,-25.988998,-9.120316,8.537384
2018-12-28 11:39:07,9492,-27.025085,-7.754013,8.054031
2018-12-28 11:39:07,9501,-27.68312,-6.8471375,7.3074646
2018-12-28 11:39:07,9512,-28.33397,-6.019226,6.9293976
2018-12-28 11:39:07,9521,-28.922592,-5.164978,7.0969086
2018-12-28 11:39:07,9532,-29.40834,-4.420822,7.477356
2018-12-28 11:39:07,9541,-29.769653,-4.088211,7.2165375
2018-12-28 11:39:08,9551,-29.913223,-4.7223053,5.941162
2018-12-28 11:39:08,9562,-29.50644,-5.9522247,3.9646912
2018-12-28 11:39:08,9572,-28.652206,-7.2993774,2.2466583
2018-12-28 11:39:08,9581,-27.680725,-8.751831,1.3302002
2018-12-28 11:39:08,9591,-25.118011,-11.556213,1.3254089
2018-12-28 11:39:08,9602,-22.727585,-12.951233,1.8279114
2018-12-28 11:39:08,9611,-20.329971,-13.903564,2.7491455
2018-12-28 11:39:08,9622,-18.628677,-15.001877,4.148941
2018-12-28 11:39:08,9631,-17.24562,-16.217438,5.4697876
2018-12-28 11:39:08,9642,-16.228668,-17.435379,6.5872345
2018-12-28 11:39:08,9652,-15.529968,-18.765793,7.3026886
2018-12-28 11:39:08,9661,-15.10405,-20.433578,7.7740784
2018-12-28 11:39:08,9672,-14.312027,-22.46988,8.240677
2018-12-28 11:39:08,9681,-12.995972,-24.831589,8.881943
2018-12-28 11:39:08,9691,-10.818497,-27.32013,9.578262
2018-12-28 11:39:08,9702,-7.2747345,-28.973572,9.243271
2018-12-28 11:39:08,9711,-4.367447,-29.126709,7.9200287
2018-12-28 11:39:08,9722,-1.4003448,-29.600494,6.2019806
2018-12-28 11:39:08,9731,1.5428162,-29.550232,4.3283997
2018-12-28 11:39:08,9742,4.6056366,-28.88504,2.9238129
2018-12-28 11:39:08,9751,7.426773,-27.8609,2.5314026
2018-12-28 11:39:08,9762,9.475037,-26.846344,2.9956055
2018-12-28 11:39:08,9771,12.174133,-25.716934,3.806778
2018-12-28 11:39:08,9782,15.277618,-23.970184,4.550934
2018-12-28 11:39:08,9791,17.656097,-22.08702,5.3429565
2018-12-28 11:39:08,9802,19.24971,-20.802078,6.276169
2018-12-28 11:39:08,9811,20.821793,-19.665482,6.8049774
2018-12-28 11:39:08,9821,22.14502,-18.024017,6.7762604
2018-12-28 11:39:08,9832,22.439346,-15.573761,6.379059
2018-12-28 11:39:08,9841,22.386703,-14.566376,6.4939117
2018-12-28 11:39:08,9851,21.71193,-14.00647,6.7642975
2018-12-28 11:39:08,9862,20.647125,-14.154816,6.802582
2018-12-28 11:39:08,9871,20.182907,-14.413239,6.3742676
2018-12-28 11:39:08,9882,19.862274,-14.662094,5.7066803
2018-12-28 11:39:08,9891,19.596664,-15.224411,5.3501434
2018-12-28 11:39:08,9902,19.015213,-16.181534,5.4865265
2018-12-28 11:39:08,9911,18.1203,-17.181732,5.8406677
2018-12-28 11:39:08,9922,17.100952,-18.234573,6.247452
2018-12-28 11:39:08,9931,16.14862,-19.524307,6.8265076
2018-12-28 11:39:08,9941,14.705734,-21.031784,7.5204315
2018-12-28 11:39:08,9952,11.377319,-23.608856,8.101883
2018-12-28 11:39:08,9961,10.147415,-24.482239,8.372284
2018-12-28 11:39:08,9972,7.0415344,-26.066284,8.338776
2018-12-28 11:39:08,9981,2.4042358,-28.150436,7.156723
2018-12-28 11:39:08,9992,-0.4767151,-29.157822,5.8933105
2018-12-28 11:39:08,10001,-4.0133057,-29.514343,4.7064667
2018-12-28 11:39:08,10012,-7.5762177,-29.21524,4.0269165
2018-12-28 11:39:08,10021,-10.495468,-28.643356,4.239868
2018-12-28 11:39:08,10032,-13.101257,-27.755615,4.7543335
2018-12-28 11:39:08,10041,-15.364868,-26.310364,5.4003906
2018-12-28 11:39:08,10051,-17.16426,-24.386536,6.0560303
2018-12-28 11:39:08,10062,-18.14293,-22.256912,6.6829376
2018-12-28 11:39:08,10071,-18.607132,-20.077057,7.4701843
2018-12-28 11:39:08,10081,-19.222092,-17.901978,8.219131
2018-12-28 11:39:08,10091,-20.777435,-14.6596985,8.654633
2018-12-28 11:39:08,10101,-21.808731,-12.843552,8.611557
2018-12-28 11:39:08,10112,-22.89029,-11.221222,8.099503
2018-12-28 11:39:08,10121,-23.959885,-9.472061,7.1136475
2018-12-28 11:39:08,10132,-24.995972,-7.9358673,5.931595
2018-12-28 11:39:08,10141,-26.247421,-6.643753,4.823715
2018-12-28 11:39:08,10151,-27.12558,-5.6602936,4.218338
2018-12-28 11:39:08,10162,-27.671158,-4.803665,4.2135468
2018-12-28 11:39:08,10171,-28.271744,-4.282028,4.749542
2018-12-28 11:39:08,10182,-29.03267,-4.250931,5.4410706
2018-12-28 11:39:08,10191,-29.882126,-4.5739594,5.783249
2018-12-28 11:39:08,10202,-30.387009,-5.119522,5.213745
2018-12-28 11:39:08,10211,-30.111832,-6.179535,4.270981
2018-12-28 11:39:08,10221,-28.329178,-8.493393,2.8113556
2018-12-28 11:39:08,10232,-26.42688,-9.974564,2.098297
2018-12-28 11:39:08,10241,-24.328384,-11.417435,2.0384827
2018-12-28 11:39:08,10251,-22.27533,-12.853119,2.6845398
2018-12-28 11:39:08,10262,-20.810928,-14.238571,3.9934082
2018-12-28 11:39:08,10271,-20.286896,-15.700577,5.7210236
2018-12-28 11:39:08,10281,-20.28212,-17.377945,7.427109
2018-12-28 11:39:08,10292,-20.028473,-19.301788,9.027908
2018-12-28 11:39:08,10301,-18.925385,-21.582138,10.332001
2018-12-28 11:39:08,10312,-16.36267,-24.326706,11.492523
2018-12-28 11:39:08,10321,-13.632462,-26.276855,12.229507
2018-12-28 11:39:08,10332,-11.225281,-27.79869,12.557327
2018-12-28 11:39:08,10341,-8.830063,-28.932892,12.746353
2018-12-28 11:39:08,10352,-5.0470123,-29.775162,11.454239
2018-12-28 11:39:08,10361,-3.9989624,-29.985733,10.817749
2018-12-28 11:39:08,10372,-0.5556793,-30.268082,8.647446
2018-12-28 11:39:08,10381,2.8875885,-29.997696,6.7714844
2018-12-28 11:39:08,10392,6.2901764,-28.786926,4.7758636
2018-12-28 11:39:08,10401,9.620987,-27.40387,3.4933167
2018-12-28 11:39:08,10412,13.071442,-26.303177,2.7132568
2018-12-28 11:39:08,10421,15.9930725,-25.439377,1.8542328
2018-12-28 11:39:08,10431,18.517502,-24.850739,0.4257202
2018-12-28 11:39:08,10442,20.517914,-24.03717,-1.4215393
2018-12-28 11:39:08,10451,22.16417,-22.527298,-3.2185516
2018-12-28 11:39:08,10462,23.05191,-20.613052,-4.3240356
2018-12-28 11:39:08,10471,23.233765,-19.091217,-4.3025055
2018-12-28 11:39:08,10481,23.353394,-18.356613,-3.5679016
2018-12-28 11:39:08,10492,23.927673,-17.385132,-2.5078888
2018-12-28 11:39:08,10501,23.58551,-16.801285,-1.727829
2018-12-28 11:39:08,10511,22.24553,-16.88742,-0.36631775
2018-12-28 11:39:08,10522,20.381516,-17.12909,1.5958099
2018-12-28 11:39:08,10531,18.754395,-17.547836,3.4598083
2018-12-28 11:39:08,10542,17.110535,-18.129303,4.6394806
2018-12-28 11:39:09,10551,15.217804,-18.930893,5.4410706
2018-12-28 11:39:09,10562,13.523682,-19.950241,5.9531403
2018-12-28 11:39:09,10571,12.042526,-21.419434,6.2713776
2018-12-28 11:39:09,10581,10.367554,-22.8264,6.2713776
2018-12-28 11:39:09,10592,8.37912,-23.951035,6.194809
2018-12-28 11:39:09,10601,5.8762207,-25.10199,6.2546234
2018-12-28 11:39:09,10611,3.0694427,-26.410858,6.6111603
2018-12-28 11:39:09,10622,-1.761673,-27.83458,7.436676
2018-12-28 11:39:09,10631,-3.525177,-27.93747,7.74057
2018-12-28 11:39:09,10641,-7.87294,-27.468475,8.168884
2018-12-28 11:39:09,10652,-9.909225,-26.552032,8.156921
2018-12-28 11:39:09,10661,-11.048218,-25.087631,8.099503
2018-12-28 11:39:09,10671,-11.368851,-23.613647,8.633102
2018-12-28 11:39:09,10682,-11.620102,-22.402878,9.75293
2018-12-28 11:39:09,10691,-12.206345,-21.32611,10.987625
2018-12-28 11:39:09,10702,-13.474533,-19.69899,12.294113
2018-12-28 11:39:09,10711,-15.326584,-17.60048,13.787231
2018-12-28 11:39:09,10722,-17.291092,-15.190903,15.313858
2018-12-28 11:39:09,10731,-19.351303,-12.83876,15.852234
2018-12-28 11:39:09,10741,-21.80156,-10.053528,13.622131
2018-12-28 11:39:09,10752,-22.95729,-9.132278,11.147949
2018-12-28 11:39:09,10761,-23.337753,-8.902573,9.918045
2018-12-28 11:39:09,10771,-24.981613,-8.290009,6.824127
2018-12-28 11:39:09,10782,-26.742737,-7.670273,5.450638
2018-12-28 11:39:09,10791,-28.513428,-6.8279877,4.8572235
2018-12-28 11:39:09,10801,-29.96347,-5.875656,5.072571
2018-12-28 11:39:09,10812,-30.485107,-5.119522,5.792816
2018-12-28 11:39:09,10821,-29.831863,-4.9735565,6.527405
2018-12-28 11:39:09,10832,-28.36267,-5.275055,7.0514374
2018-12-28 11:39:09,10841,-26.615921,-5.9235077,7.4342957
2018-12-28 11:39:09,10851,-25.295074,-6.73468,7.6017914
2018-12-28 11:39:09,10862,-24.306839,-7.749237,7.8769684
2018-12-28 11:39:09,10871,-23.251602,-8.981537,8.310059
2018-12-28 11:39:09,10882,-21.870956,-11.144653,8.800598
2018-12-28 11:39:09,10891,-20.925781,-12.991913,8.963303
2018-12-28 11:39:09,10902,-20.14093,-14.640564,9.018341
2018-12-28 11:39:09,10911,-19.612122,-16.502182,9.264801
2018-12-28 11:39:09,10921,-18.238647,-19.026611,9.606979
2018-12-28 11:39:09,10932,-16.132965,-21.199295,10.121429
2018-12-28 11:39:09,10941,-14.32399,-22.92212,10.791428
2018-12-28 11:39:09,10951,-12.84761,-24.613846,11.537979
2018-12-28 11:39:09,10962,-11.440628,-26.66449,12.229507
2018-12-28 11:39:09,10971,-9.1124115,-28.40886,12.686539
2018-12-28 11:39:09,10982,-6.485092,-28.727112,12.119431
2018-12-28 11:39:09,10991,-4.848404,-29.05014,11.293915
2018-12-28 11:39:09,11001,-2.7451172,-30.177155,10.221924
2018-12-28 11:39:09,11012,2.5023499,-30.26091,7.707077
2018-12-28 11:39:09,11021,6.888382,-29.492813,6.2211304
2018-12-28 11:39:09,11031,12.403839,-28.877853,4.9768677
2018-12-28 11:39:09,11041,18.364365,-28.22461,2.60318
2018-12-28 11:39:09,11051,23.559189,-26.753021,-0.8018036
2018-12-28 11:39:09,11062,26.260681,-24.274063,-3.2927399
2018-12-28 11:39:09,11071,26.581314,-21.397888,-3.8957214
2018-12-28 11:39:09,11082,25.684006,-19.139069,-2.0676117
2018-12-28 11:39:09,11091,24.111923,-17.44255,0.79660034
2018-12-28 11:39:09,11101,22.870056,-15.990112,2.8544312
2018-12-28 11:39:09,11112,22.70256,-15.353622,3.7924194
2018-12-28 11:39:09,11121,23.071045,-15.241165,3.7852325
2018-12-28 11:39:09,11131,22.88919,-15.229202,3.4478455
2018-12-28 11:39:09,11142,21.812424,-15.480438,3.675171
2018-12-28 11:39:09,11151,19.924484,-15.925507,4.534195
2018-12-28 11:39:09,11161,17.529266,-16.911346,5.4697876
2018-12-28 11:39:09,11171,15.77533,-17.310944,5.409958
2018-12-28 11:39:09,11182,13.918503,-18.289612,5.4937134
2018-12-28 11:39:09,11192,11.870239,-19.524307,5.8598175
2018-12-28 11:39:09,11201,9.79567,-20.711151,5.895706
2018-12-28 11:39:09,11212,8.192474,-21.974564,5.467392
2018-12-28 11:39:09,11221,6.8740387,-23.142258,5.077362
2018-12-28 11:39:09,11232,5.112915,-24.018036,4.9433594
2018-12-28 11:39:09,11241,3.1244812,-24.697601,5.4745636
2018-12-28 11:39:09,11251,0.765152,-25.293411,6.527405
2018-12-28 11:39:09,11262,-2.970047,-25.221619,8.587631
2018-12-28 11:39:09,11271,-4.190384,-24.991913,9.228912
2018-12-28 11:39:09,11281,-7.5140076,-24.125717,10.657425
2018-12-28 11:39:09,11291,-9.121994,-23.446152,11.133591
2018-12-28 11:39:09,11302,-10.713211,-22.606262,11.202988
2018-12-28 11:39:09,11311,-12.165665,-21.598892,11.109665
2018-12-28 11:39:09,11322,-13.756882,-20.301971,11.116852
2018-12-28 11:39:09,11331,-15.654388,-18.634186,11.581055
2018-12-28 11:39:09,11342,-17.87732,-16.853928,11.9830475
2018-12-28 11:39:09,11351,-19.949509,-14.839172,11.82991
2018-12-28 11:39:09,11361,-21.418701,-12.819626,10.961304
2018-12-28 11:39:09,11372,-22.50505,-11.046539,9.252838
2018-12-28 11:39:09,11381,-23.213318,-9.541458,7.139969
2018-12-28 11:39:09,11391,-23.952698,-8.304367,5.2687836
2018-12-28 11:39:09,11402,-25.053406,-6.83757,4.751938
2018-12-28 11:39:09,11411,-26.094284,-5.796692,6.5298004
2018-12-28 11:39:09,11422,-27.14473,-4.6864166,9.2504425
2018-12-28 11:39:09,11431,-28.085114,-3.7412567,11.8059845
2018-12-28 11:39:09,11442,-28.563675,-3.1095428,13.210571
2018-12-28 11:39:09,11451,-28.412918,-2.8750458,12.964111
2018-12-28 11:39:09,11461,-27.702255,-3.332077,11.715057
2018-12-28 11:39:09,11472,-26.603958,-4.7103424,10.176468
2018-12-28 11:39:09,11481,-25.326187,-6.3542175,8.834091
2018-12-28 11:39:09,11492,-23.847412,-7.9741516,7.8458557
2018-12-28 11:39:09,11501,-21.976227,-9.687424,7.2572174
2018-12-28 11:39:09,11512,-20.435257,-11.290604,7.2117615
2018-12-28 11:39:09,11522,-19.418304,-12.702377,7.6472473
2018-12-28 11:39:09,11531,-18.34871,-14.563995,8.884338
2018-12-28 11:39:09,11541,-17.817505,-16.167175,9.829514
2018-12-28 11:39:10,11552,-17.236053,-18.11972,11.0785675
2018-12-28 11:39:10,11561,-16.733551,-20.005264,12.227112
2018-12-28 11:39:10,11571,-15.86496,-22.232986,13.059814
2018-12-28 11:39:10,11582,-13.56546,-25.121124,13.478561
2018-12-28 11:39:10,11591,-9.612518,-27.236374,13.528809
2018-12-28 11:39:10,11601,-6.590378,-27.576157,12.928207
2018-12-28 11:39:10,11612,-5.0350494,-27.836975,12.930603
2018-12-28 11:39:10,11621,-2.8049316,-27.760406,12.600388
2018-12-28 11:39:10,11631,-1.840622,-26.987534,11.222122
2018-12-28 11:39:10,11642,-1.3333435,-26.913345,9.0327
2018-12-28 11:39:10,11651,1.1073303,-27.164597,6.6446533
2018-12-28 11:39:10,11661,5.4670563,-27.609665,4.2446594
2018-12-28 11:39:10,11672,13.894577,-27.535477,1.559906
2018-12-28 11:39:10,11681,17.634552,-25.592514,0.2007904
2018-12-28 11:39:10,11692,18.972137,-23.558609,0.21754456
2018-12-28 11:39:10,11701,19.036743,-22.26648,1.4474487
2018-12-28 11:39:10,11712,18.534256,-21.153824,2.3782501
2018-12-28 11:39:10,11721,18.565369,-20.06987,2.2155457
2018-12-28 11:39:10,11732,19.12529,-19.122314,1.1531372
2018-12-28 11:39:10,11741,19.682816,-18.34465,0.11943054
2018-12-28 11:39:10,11752,20.09198,-17.772766,-0.07199097
2018-12-28 11:39:10,11761,21.144821,-17.622025,0.61953735
2018-12-28 11:39:10,11771,22.032562,-17.315735,1.4809418
2018-12-28 11:39:10,11782,22.264664,-16.961594,2.328003
2018-12-28 11:39:10,11791,21.649704,-17.054916,3.1032867
2018-12-28 11:39:10,11801,18.967361,-17.906769,4.378662
2018-12-28 11:39:10,11812,16.45729,-18.205872,5.397995
2018-12-28 11:39:10,11821,13.581116,-18.83757,6.721222
2018-12-28 11:39:10,11831,10.759979,-19.746841,8.032501
2018-12-28 11:39:10,11841,8.407837,-20.668076,8.788635
2018-12-28 11:39:10,11852,6.5773163,-21.541458,8.652237
2018-12-28 11:39:10,11861,4.797058,-22.725906,8.065994
2018-12-28 11:39:10,11872,3.0359497,-23.862503,7.4390717
2018-12-28 11:39:10,11881,1.0618591,-24.513351,6.9174347
2018-12-28 11:39:10,11891,-1.2232819,-24.735886,6.618332
2018-12-28 11:39:10,11901,-3.5921783,-24.865097,6.7403717
2018-12-28 11:39:10,11911,-5.827072,-24.771774,7.381653
2018-12-28 11:39:10,11922,-9.155487,-24.085037,8.43689
2018-12-28 11:39:10,11932,-11.196564,-23.494003,8.838882
2018-12-28 11:39:10,11941,-13.419495,-22.857513,9.102081
2018-12-28 11:39:10,11952,-15.384003,-21.58693,9.48494
2018-12-28 11:39:10,11961,-17.14273,-19.758804,10.279358
2018-12-28 11:39:10,11971,-18.860779,-17.535873,11.396805
2018-12-28 11:39:10,11982,-20.100266,-15.092804,12.227112
2018-12-28 11:39:10,11991,-20.688889,-12.790909,12.267792
2018-12-28 11:39:10,12002,-21.3517,-10.807266,11.313049
2018-12-28 11:39:10,12011,-22.000168,-9.206467,9.879761
2018-12-28 11:39:10,12021,-22.435654,-8.017227,8.568481
2018-12-28 11:39:10,12032,-22.71083,-6.811249,7.8410645
2018-12-28 11:39:10,12041,-23.321,-5.6842194,8.121033
2018-12-28 11:39:10,12051,-24.397766,-4.707947,9.334198
2018-12-28 11:39:10,12062,-25.919601,-3.4876099,11.033096
2018-12-28 11:39:10,12071,-26.580017,-3.011444,11.095306
2018-12-28 11:39:10,12081,-26.718811,-2.942047,10.353531
2018-12-28 11:39:10,12092,-26.52977,-3.4086456,9.480148
2018-12-28 11:39:10,12101,-25.950714,-4.5260925,8.68335
2018-12-28 11:39:10,12111,-25.084503,-5.6770477,8.018143
2018-12-28 11:39:10,12122,-23.77324,-6.854309,7.6352844
2018-12-28 11:39:10,12131,-22.196365,-7.943054,7.728607
2018-12-28 11:39:10,12142,-20.566864,-9.084427,8.054031
2018-12-28 11:39:10,12151,-19.167053,-10.393295,8.594803
2018-12-28 11:39:10,12161,-18.224289,-11.781143,9.204987
2018-12-28 11:39:10,12172,-17.370056,-13.819824,10.099899
2018-12-28 11:39:10,12181,-17.303055,-14.5616,10.415741
2018-12-28 11:39:10,12192,-16.989594,-16.8611,11.652832
2018-12-28 11:39:10,12201,-16.640244,-17.827805,12.064407
2018-12-28 11:39:10,12211,-14.431656,-21.60846,12.854034
2018-12-28 11:39:10,12222,-12.74472,-22.993912,12.94017
2018-12-28 11:39:10,12231,-7.901642,-24.563599,12.432892
2018-12-28 11:39:10,12241,-6.0424194,-24.845947,12.20079
2018-12-28 11:39:10,12252,-5.135544,-25.709763,12.629105
2018-12-28 11:39:10,12261,-4.606735,-26.039963,12.382645
2018-12-28 11:39:10,12271,-4.2478027,-26.43718,11.030701
2018-12-28 11:39:10,12282,-3.3265686,-26.90857,8.932205
2018-12-28 11:39:10,12291,-0.8906708,-27.01146,6.3288116
2018-12-28 11:39:10,12301,2.6698456,-26.657318,3.4813538
2018-12-28 11:39:10,12312,8.644714,-26.205078,0.33239746
2018-12-28 11:39:10,12321,11.133255,-25.98494,-0.3423767
2018-12-28 11:39:10,12331,19.00325,-24.286026,-1.6464691
2018-12-28 11:39:10,12342,23.640549,-22.85991,-1.5244446
2018-12-28 11:39:10,12351,27.562378,-21.266281,-0.7013092
2018-12-28 11:39:10,12361,29.821198,-19.04097,0.8755646
2018-12-28 11:39:10,12372,29.91452,-17.138672,2.8137512
2018-12-28 11:39:10,12381,27.976334,-16.28682,4.3690796
2018-12-28 11:39:10,12392,25.025986,-16.28682,4.9601135
2018-12-28 11:39:10,12401,22.23117,-16.37535,4.3475494
2018-12-28 11:39:10,12411,19.321503,-16.696,3.4382782
2018-12-28 11:39:10,12422,16.579315,-17.466492,3.0051727
2018-12-28 11:39:10,12431,15.093384,-18.473862,2.9381714
2018-12-28 11:39:10,12442,14.6076355,-19.095993,2.780243
2018-12-28 11:39:10,12451,14.54303,-19.914337,2.7036743
2018-12-28 11:39:10,12461,13.566757,-21.429,3.3138428
2018-12-28 11:39:10,12472,12.066452,-22.5943,3.9240265
2018-12-28 11:39:10,12481,10.228775,-24.008469,4.5652924
2018-12-28 11:39:10,12491,7.7569885,-24.996704,5.283142
2018-12-28 11:39:10,12501,4.8927765,-25.676254,6.120636
2018-12-28 11:39:10,12512,1.8945618,-26.19072,7.20697
2018-12-28 11:39:10,12521,-1.1443176,-26.496994,8.298096
2018-12-28 11:39:10,12532,-3.6807098,-26.820023,9.209763
2018-12-28 11:39:10,12541,-5.896469,-27.061707,9.894119
2018-12-28 11:39:11,12552,-7.9495087,-26.822418,10.135788
2018-12-28 11:39:11,12561,-9.521591,-26.09021,9.824722
2018-12-28 11:39:11,12572,-11.191788,-24.956024,9.518433
2018-12-28 11:39:11,12581,-12.84761,-23.467682,9.640472
2018-12-28 11:39:11,12591,-14.690094,-21.467285,10.272171
2018-12-28 11:39:11,12601,-17.537552,-18.617432,11.009171
2018-12-28 11:39:11,12611,-18.733963,-16.674454,10.927811
2018-12-28 11:39:11,12622,-20.03566,-14.671661,10.432495
2018-12-28 11:39:11,12631,-21.751312,-12.81723,10.351135
2018-12-28 11:39:11,12642,-23.28032,-10.694794,11.169479
2018-12-28 11:39:11,12651,-24.713623,-8.301971,12.81575
2018-12-28 11:39:11,12662,-26.01532,-5.980942,14.636688
2018-12-28 11:39:11,12671,-27.254791,-4.4399567,15.845062
2018-12-28 11:39:11,12681,-28.235855,-3.6910095,16.091522
2018-12-28 11:39:11,12692,-29.027878,-3.470871,15.222931
2018-12-28 11:39:11,12701,-29.425095,-3.607254,13.5407715
2018-12-28 11:39:11,12711,-29.338943,-4.483032,10.990021
2018-12-28 11:39:11,12723,-29.09967,-5.3683777,9.281555
2018-12-28 11:39:11,12731,-28.800568,-6.4523163,7.4797516
2018-12-28 11:39:11,12741,-28.092285,-7.651123,5.792816
2018-12-28 11:39:11,12751,-26.922195,-9.003067,4.5294037
2018-12-28 11:39:11,12762,-25.170654,-10.792908,4.012558
2018-12-28 11:39:11,12771,-23.53157,-12.412842,4.527008
2018-12-28 11:39:11,12781,-22.363876,-13.712143,6.2259216
2018-12-28 11:39:11,12792,-21.751312,-14.918121,8.412949
2018-12-28 11:39:11,12801,-21.291885,-16.483032,10.068787
2018-12-28 11:39:11,12812,-19.624084,-18.87825,11.169479
2018-12-28 11:39:11,12821,-16.180817,-21.54625,12.011765
2018-12-28 11:39:11,12831,-12.361877,-23.163788,12.196014
2018-12-28 11:39:11,12842,-8.595566,-24.580353,12.44725
2018-12-28 11:39:11,12851,-5.683502,-25.71933,12.60997
2018-12-28 11:39:11,12861,-4.068344,-26.54007,12.105087
2018-12-28 11:39:11,12872,-3.2954712,-27.131088,10.932602
2018-12-28 11:39:11,12881,-1.4338531,-27.286636,8.927414
2018-12-28 11:39:11,12891,1.3513947,-27.004272,6.7690887
2018-12-28 11:39:11,12902,4.447708,-26.619034,5.0845337
2018-12-28 11:39:11,12911,7.9244843,-26.415634,4.0771637
2018-12-28 11:39:11,12922,12.59288,-26.217041,3.577057
2018-12-28 11:39:11,12931,17.17035,-25.341263,2.6223297
2018-12-28 11:39:11,12942,19.812027,-23.986923,1.3038788
2018-12-28 11:39:11,12951,21.530075,-22.55841,0.34436035
2018-12-28 11:39:11,12961,22.779129,-21.029404,-0.019348145
2018-12-28 11:39:11,12972,22.70256,-20.000488,-0.11027527
2018-12-28 11:39:11,12981,22.647522,-18.988327,0.03567505
2018-12-28 11:39:11,12991,22.84851,-17.382736,1.3421631
2018-12-28 11:39:11,13001,22.568558,-16.727097,2.7826385
2018-12-28 11:39:11,13011,22.125885,-16.358612,4.199188
2018-12-28 11:39:11,13022,20.917511,-16.124115,5.1874237
2018-12-28 11:39:11,13031,19.462677,-16.20308,5.6994934
2018-12-28 11:39:11,13042,18.400253,-16.437576,6.1397705
2018-12-28 11:39:11,13051,17.15599,-16.90657,6.4939117
2018-12-28 11:39:11,13061,16.29457,-17.610062,6.9485474
2018-12-28 11:39:11,13072,15.552795,-18.667679,7.250046
2018-12-28 11:39:11,13081,14.684204,-19.969376,7.190216
2018-12-28 11:39:11,13091,13.31311,-21.306961,7.0490417
2018-12-28 11:39:11,13102,9.443924,-23.233185,7.2644043
2018-12-28 11:39:11,13111,7.9125214,-23.860107,7.4342957
2018-12-28 11:39:11,13122,3.760971,-25.202484,7.7764587
2018-12-28 11:39:11,13131,0.52108765,-25.59491,7.6807556
2018-12-28 11:39:11,13142,-3.0561829,-25.84375,7.9200287
2018-12-28 11:39:11,13151,-6.6095276,-25.503983,8.353134
2018-12-28 11:39:11,13162,-9.614914,-24.941666,8.714447
2018-12-28 11:39:11,13171,-12.055588,-24.252533,8.731201
2018-12-28 11:39:11,13182,-13.924377,-23.427002,8.216751
2018-12-28 11:39:11,13191,-15.644821,-22.089417,7.4055786
2018-12-28 11:39:11,13202,-16.89148,-20.268478,7.4055786
2018-12-28 11:39:11,13211,-18.083115,-18.17955,8.590027
2018-12-28 11:39:11,13221,-19.530762,-15.820221,10.516251
2018-12-28 11:39:11,13232,-22.198761,-12.171173,11.87059
2018-12-28 11:39:11,13241,-24.04602,-10.146835,11.076172
2018-12-28 11:39:11,13252,-25.95311,-8.598679,9.470581
2018-12-28 11:39:11,13261,-27.970245,-7.2419586,8.111465
2018-12-28 11:39:11,13272,-29.685913,-6.0957947,7.793213
2018-12-28 11:39:11,13281,-31.080917,-5.081238,8.628311
2018-12-28 11:39:11,13292,-32.011734,-4.0331726,9.666794
2018-12-28 11:39:11,13301,-32.408936,-3.4062653,10.399002
2018-12-28 11:39:11,13312,-32.578827,-3.4038696,10.114258
2018-12-28 11:39:11,13321,-32.81093,-4.004471,9.152344
2018-12-28 11:39:11,13332,-32.894684,-5.0932007,7.80278
2018-12-28 11:39:11,13341,-32.509445,-6.483429,6.4843445
2018-12-28 11:39:11,13351,-31.427887,-8.227798,5.6133575
2018-12-28 11:39:11,13362,-29.298264,-11.376755,5.9579163
2018-12-28 11:39:11,13371,-28.666565,-12.410446,6.376663
2018-12-28 11:39:11,13382,-26.996368,-14.99231,8.180847
2018-12-28 11:39:11,13391,-25.498474,-16.904175,9.733795
2018-12-28 11:39:11,13401,-23.565063,-19.294601,11.315445
2018-12-28 11:39:11,13411,-20.976028,-21.91475,12.48793
2018-12-28 11:39:11,13421,-17.032654,-24.525314,13.409164
2018-12-28 11:39:11,13431,-12.802155,-25.776764,13.949951
2018-12-28 11:39:11,13442,-9.4904785,-25.994507,14.404587
2018-12-28 11:39:11,13451,-5.896469,-26.599884,14.19162
2018-12-28 11:39:11,13462,-1.9794159,-27.351242,13.301498
2018-12-28 11:39:11,13471,0.49716187,-27.537872,11.174271
2018-12-28 11:39:11,13481,2.25589,-27.889618,9.05423
2018-12-28 11:39:11,13492,4.730057,-27.939865,7.0179443
2018-12-28 11:39:11,13501,7.450699,-27.023422,5.307068
2018-12-28 11:39:11,13511,10.932266,-26.360611,4.900284
2018-12-28 11:39:11,13522,14.476028,-27.34166,5.1132507
2018-12-28 11:39:11,13531,18.500763,-27.595306,3.983841
2018-12-28 11:39:11,13541,22.0876,-27.356018,1.4929047
2018-12-28 11:39:12,13552,25.650513,-26.331894,-1.132019
2018-12-28 11:39:12,13561,27.751404,-24.565994,-2.5342102
2018-12-28 11:39:12,13571,28.16298,-22.912552,-2.007782
2018-12-28 11:39:12,13582,27.26567,-21.742462,-0.07199097
2018-12-28 11:39:12,13591,26.330078,-21.22322,2.25383
2018-12-28 11:39:12,13601,26.164963,-20.90976,4.172867
2018-12-28 11:39:12,13612,26.468857,-20.474258,5.9052734
2018-12-28 11:39:12,13621,26.566956,-20.694397,7.7381744
2018-12-28 11:39:12,13631,25.992691,-22.752228,9.877365
2018-12-28 11:39:12,13642,25.736649,-24.455917,9.982651
2018-12-28 11:39:12,13651,24.463669,-26.142868,9.173874
2018-12-28 11:39:12,13661,21.776535,-28.49501,8.173676
2018-12-28 11:39:12,13671,18.479218,-31.096008,7.1543274
2018-12-28 11:39:12,13682,14.476028,-32.964798,6.7882233
2018-12-28 11:39:12,13691,9.379318,-34.65892,6.8983
2018-12-28 11:39:12,13701,3.698761,-36.120926,7.1878357
2018-12-28 11:39:12,13712,-2.431656,-36.70717,8.4991
2018-12-28 11:39:12,13722,-9.196167,-36.434387,10.889526
2018-12-28 11:39:12,13731,-16.515808,-34.917343,13.055038
2018-12-28 11:39:12,13741,-26.295273,-31.107971,14.196411
2018-12-28 11:39:12,13752,-31.241241,-27.576157,13.646057
2018-12-28 11:39:12,13761,-34.459595,-23.304977,13.337387
2018-12-28 11:39:12,13771,-37.07016,-19.117538,12.873184
2018-12-28 11:39:12,13781,-40.173645,-15.236374,12.772675
2018-12-28 11:39:12,13792,-43.06418,-11.867279,12.557327
2018-12-28 11:39:12,13801,-44.741547,-8.711151,12.033295
2018-12-28 11:39:12,13811,-46.165283,-5.8206177,12.040466
2018-12-28 11:39:12,13821,-48.53656,-3.9494324,13.067001
2018-12-28 11:39:12,13832,-51.6568,-3.4373627,14.179657
2018-12-28 11:39:12,13841,-54.03766,-3.681427,14.665405
2018-12-28 11:39:12,13851,-53.853424,-4.4471436,14.02652
2018-12-28 11:39:12,13861,-51.242844,-5.863693,12.681747
2018-12-28 11:39:12,13872,-46.18921,-8.553223,11.906479
2018-12-28 11:39:12,13881,-37.654007,-12.975159,11.808365
2018-12-28 11:39:12,13892,-33.016724,-16.112152,12.559723
2018-12-28 11:39:12,13901,-29.324585,-19.184525,13.500092
2018-12-28 11:39:12,13912,-26.434067,-21.610855,14.25145
2018-12-28 11:39:12,13921,-24.852402,-23.989319,14.911865
2018-12-28 11:39:12,13931,-22.134155,-27.25792,15.897705
2018-12-28 11:39:12,13941,-17.652405,-30.205872,16.12024
2018-12-28 11:39:12,13952,-10.904648,-32.84276,15.624924
2018-12-28 11:39:12,13961,-2.8025513,-34.575165,14.138977
2018-12-28 11:39:12,13972,4.4692383,-34.67566,11.344162
2018-12-28 11:39:12,13981,9.958374,-32.926514,9.322235
2018-12-28 11:39:12,13991,12.480423,-31.024216,9.994614
2018-12-28 11:39:12,14002,10.874832,-30.303986,12.602783
2018-12-28 11:39:12,14011,12.944626,-33.670685,13.016739
2018-12-28 11:39:12,14021,23.898972,-36.489426,9.717041
2018-12-28 11:39:12,14032,34.793488,-34.414856,0.4807434
2018-12-28 11:39:12,14041,32.948624,-31.086426,-2.9912415
2018-12-28 11:39:12,14051,28.174942,-29.059708,-2.5437775
2018-12-28 11:39:12,14062,25.896973,-26.671677,-2.0843658
2018-12-28 11:39:12,14071,26.200867,-24.542053,-3.7019043
2018-12-28 11:39:12,14082,28.746826,-23.422226,-5.989441
2018-12-28 11:39:12,14091,31.579926,-22.953232,-6.2789764
2018-12-28 11:39:12,14101,32.017807,-23.807465,-3.8023987
2018-12-28 11:39:12,14111,31.067856,-24.831589,0.026107788
2018-12-28 11:39:12,14122,29.122498,-24.575562,4.0436554
2018-12-28 11:39:12,14132,28.27304,-24.668884,5.878952
2018-12-28 11:39:12,14141,26.468857,-26.066284,10.784241
2018-12-28 11:39:12,14152,22.188095,-28.44954,13.502487
2018-12-28 11:39:12,14161,17.548416,-30.653336,13.7417755
2018-12-28 11:39:12,14172,12.504349,-32.885834,13.093323
2018-12-28 11:39:12,14181,7.048706,-35.503586,12.059616
2018-12-28 11:39:12,14191,0.5258789,-37.3293,10.351135
2018-12-28 11:39:12,14202,-8.169647,-37.439377,9.118835
2018-12-28 11:39:12,14211,-17.372437,-36.125717,8.386627
2018-12-28 11:39:12,14222,-25.192184,-33.670685,8.073181
2018-12-28 11:39:12,14231,-31.054596,-30.624619,8.78624
2018-12-28 11:39:12,14242,-34.0887,-26.60228,10.640671
2018-12-28 11:39:12,14251,-35.287506,-22.417236,13.701096
2018-12-28 11:39:12,14262,-36.055603,-17.696198,17.58464
2018-12-28 11:39:12,14271,-38.27614,-13.544647,20.599594
2018-12-28 11:39:12,14282,-44.385025,-8.574753,21.609375
2018-12-28 11:39:12,14291,-46.737167,-7.3161316,21.149948
2018-12-28 11:39:12,14302,-51.398376,-5.6028748,18.05603
2018-12-28 11:39:12,14311,-51.663986,-5.356415,15.215744
2018-12-28 11:39:12,14322,-50.742752,-5.8158264,12.657822
2018-12-28 11:39:12,14331,-49.517624,-7.148636,10.346359
2018-12-28 11:39:12,14342,-47.675156,-9.072464,7.814743
2018-12-28 11:39:12,14352,-45.04544,-11.23558,5.651642
2018-12-28 11:39:12,14361,-42.25061,-14.319916,5.048645
2018-12-28 11:39:12,14371,-39.891296,-18.581543,6.1565247
2018-12-28 11:39:12,14382,-36.88112,-22.551239,8.022919
2018-12-28 11:39:12,14391,-33.794388,-26.028,9.884537
2018-12-28 11:39:12,14401,-28.003754,-31.562607,13.459412
2018-12-28 11:39:12,14412,-23.395172,-35.0298,15.488525
2018-12-28 11:39:12,14421,-18.092682,-38.08783,16.498306
2018-12-28 11:39:12,14431,-11.064957,-39.638382,16.103485
2018-12-28 11:39:12,14442,-2.5369415,-40.463913,15.014755
2018-12-28 11:39:12,14451,5.5747223,-39.178955,13.004776
2018-12-28 11:39:12,14461,12.210022,-36.74785,10.7005005
2018-12-28 11:39:12,14472,19.895767,-35.185333,9.516052
2018-12-28 11:39:12,14481,26.729675,-35.182953,8.846054
2018-12-28 11:39:12,14491,36.128677,-35.532303,7.0490417
2018-12-28 11:39:12,14501,46.195282,-32.39531,3.3162384
2018-12-28 11:39:12,14511,47.047134,-27.968582,1.382843
2018-12-28 11:39:12,14522,42.874054,-26.485031,3.7493439
2018-12-28 11:39:12,14531,37.24135,-24.967987,7.3146515
2018-12-28 11:39:12,14541,32.95819,-23.266693,8.101883
2018-12-28 11:39:13,14552,30.101166,-22.73787,8.927414
2018-12-28 11:39:13,14561,29.091385,-22.29042,9.274368
2018-12-28 11:39:13,14571,29.5197,-22.831192,9.262405
2018-12-28 11:39:13,14582,29.469452,-23.900787,8.659409
2018-12-28 11:39:13,14591,27.447525,-25.429794,7.998993
2018-12-28 11:39:13,14601,24.004242,-27.662308,7.427109
2018-12-28 11:39:13,14612,19.733063,-29.765594,6.824127
2018-12-28 11:39:13,14621,14.619598,-31.332886,7.419937
2018-12-28 11:39:13,14631,9.0108185,-32.41205,9.652435
2018-12-28 11:39:13,14642,3.8375397,-33.486435,11.671982
2018-12-28 11:39:13,14651,-1.1395264,-34.15164,12.006973
2018-12-28 11:39:13,14661,-7.540329,-34.481842,8.982452
2018-12-28 11:39:13,14672,-10.694077,-34.61345,7.357727
2018-12-28 11:39:13,14681,-12.369049,-34.297607,6.8983
2018-12-28 11:39:13,14692,-18.075928,-31.560211,7.2165375
2018-12-28 11:39:13,14701,-20.42569,-28.920929,8.884338
2018-12-28 11:39:13,14712,-23.323395,-25.927505,10.219543
2018-12-28 11:39:13,14721,-26.501068,-23.288223,10.810562
2018-12-28 11:39:13,14732,-30.322403,-20.74466,11.243668
2018-12-28 11:39:13,14741,-34.91423,-17.382736,12.600388
2018-12-28 11:39:13,14751,-39.407944,-13.676254,15.179855
2018-12-28 11:39:13,14762,-42.3248,-9.826202,17.742569
2018-12-28 11:39:13,14772,-42.927795,-6.914139,18.843277
2018-12-28 11:39:13,14781,-41.84384,-5.578949,18.623123
2018-12-28 11:39:13,14792,-40.362686,-4.724701,17.752136
2018-12-28 11:39:13,14801,-39.56108,-4.684021,16.177658
2018-12-28 11:39:13,14811,-39.302658,-4.762985,13.751343
2018-12-28 11:39:13,14822,-38.926987,-6.2680664,9.872574
2018-12-28 11:39:13,14831,-37.780823,-8.345047,8.204773
2018-12-28 11:39:13,14841,-35.641647,-11.080048,6.893509
2018-12-28 11:39:13,14851,-32.588394,-13.6523285,5.603775
2018-12-28 11:39:13,14862,-29.417908,-16.042755,4.608368
2018-12-28 11:39:13,14871,-26.838455,-18.705963,4.692108
2018-12-28 11:39:13,14881,-24.079529,-21.795105,5.723419
2018-12-28 11:39:13,14891,-21.662766,-24.15921,7.168686
2018-12-28 11:39:13,14902,-19.049805,-25.958618,9.121231
2018-12-28 11:39:13,14911,-15.948715,-27.774765,11.963898
2018-12-28 11:39:13,14921,-14.185196,-29.365997,15.13678
2018-12-28 11:39:13,14931,-11.928772,-31.765991,17.223328
2018-12-28 11:39:13,14941,-4.9824066,-34.682846,16.299698
2018-12-28 11:39:13,14952,-1.9148102,-35.450943,13.744171
2018-12-28 11:39:13,14961,0.9182892,-34.998703,11.695908
2018-12-28 11:39:13,14971,4.820984,-35.29062,9.657227
2018-12-28 11:39:13,14982,7.960373,-35.082443,7.71904
2018-12-28 11:39:13,14991,13.16954,-35.594513,6.3335876
2018-12-28 11:39:13,15001,22.886795,-35.226013,2.9788513
2018-12-28 11:39:13,15011,29.703949,-32.46231,-2.2351074
2018-12-28 11:39:13,15022,31.1875,-29.27507,-3.3310242
2018-12-28 11:39:13,15031,30.189697,-26.54486,-0.90708923
2018-12-28 11:39:13,15041,26.878036,-23.343262,-0.30888367
2018-12-28 11:39:13,15051,22.927475,-19.82341,0.07397461
2018-12-28 11:39:13,15061,21.073044,-17.978546,2.1341858
2018-12-28 11:39:13,15072,21.238144,-17.35881,2.1772614
2018-12-28 11:39:13,15081,23.8535,-17.389908,0.5955963
2018-12-28 11:39:13,15091,26.77275,-17.696198,1.416336
2018-12-28 11:39:13,15101,27.89737,-18.311157,4.3283997
2018-12-28 11:39:13,15111,28.10315,-18.849533,4.7064667
2018-12-28 11:39:13,15121,26.720108,-19.091217,4.974472
2018-12-28 11:39:13,15131,23.944427,-19.098389,9.544754
2018-12-28 11:39:13,15142,19.76178,-19.342453,14.426117
2018-12-28 11:39:13,15151,15.825577,-20.292404,14.524231
2018-12-28 11:39:13,15161,13.396866,-22.749832,12.870789
2018-12-28 11:39:13,15172,9.647308,-25.499191,13.954727
2018-12-28 11:39:13,15181,4.375931,-27.88005,14.399796
2018-12-28 11:39:13,15191,-1.8908844,-30.074265,12.071579
2018-12-28 11:39:13,15201,-12.034058,-30.545654,10.236282
2018-12-28 11:39:13,15212,-16.944122,-29.330093,9.434692
2018-12-28 11:39:13,15221,-18.772247,-28.136078,5.771286
2018-12-28 11:39:13,15231,-18.855988,-26.444351,3.421524
2018-12-28 11:39:13,15242,-19.226883,-24.61145,5.7497406
2018-12-28 11:39:13,15251,-20.124191,-22.790512,8.812561
2018-12-28 11:39:13,15261,-21.811127,-20.266083,9.705078
2018-12-28 11:39:13,15272,-24.141739,-17.425812,11.320236
2018-12-28 11:39:13,15281,-25.642044,-14.449142,13.437881
2018-12-28 11:39:13,15291,-26.309631,-11.704575,14.373474
2018-12-28 11:39:13,15302,-26.350311,-9.613235,14.627121
2018-12-28 11:39:13,15311,-25.862183,-8.160797,15.632095
2018-12-28 11:39:13,15321,-24.16806,-7.1031647,16.175278
2018-12-28 11:39:13,15331,-21.677124,-6.258499,13.758514
2018-12-28 11:39:13,15342,-21.133957,-5.9761505,11.832306
2018-12-28 11:39:13,15352,-20.813324,-5.9354706,10.674179
2018-12-28 11:39:13,15361,-20.499863,-6.040756,9.602188
2018-12-28 11:39:13,15371,-20.236649,-6.397293,8.300491
2018-12-28 11:39:13,15382,-19.882507,-6.83757,7.173477
2018-12-28 11:39:13,15391,-19.487701,-7.318527,6.245056
2018-12-28 11:39:13,15401,-18.942139,-7.983734,5.4315033
2018-12-28 11:39:13,15412,-18.016113,-8.861893,4.8619995
2018-12-28 11:39:13,15421,-16.250214,-9.878845,4.8093567
2018-12-28 11:39:13,15431,-13.764069,-10.527298,4.7710724
2018-12-28 11:39:13,15441,-12.0867,-10.788116,4.790222
2018-12-28 11:39:13,15452,-12.031662,-11.37915,5.8023834
2018-12-28 11:39:13,15461,-12.421692,-12.058701,7.362503
2018-12-28 11:39:13,15471,-12.974426,-12.723907,8.719238
2018-12-28 11:39:13,15482,-12.8763275,-13.436966,9.671585
2018-12-28 11:39:13,15491,-12.364258,-13.958603,10.293716
2018-12-28 11:39:13,15501,-11.622482,-14.575958,10.499496
2018-12-28 11:39:13,15511,-10.763458,-15.420624,10.367889
2018-12-28 11:39:13,15522,-10.244217,-16.980743,10.14296
2018-12-28 11:39:13,15531,-10.907028,-18.540863,9.38205
2018-12-28 11:39:13,15541,-11.048218,-18.533691,7.9655
2018-12-28 11:39:14,15552,-10.330368,-18.234573,7.340973
2018-12-28 11:39:14,15561,-9.401947,-17.68901,8.04924
2018-12-28 11:39:14,15571,-8.877914,-17.294205,9.671585
2018-12-28 11:39:14,15581,-7.5834045,-16.818024,11.329803
2018-12-28 11:39:14,15592,-5.9897766,-16.521317,11.298706
2018-12-28 11:39:14,15601,-4.580414,-16.047546,10.623917
2018-12-28 11:39:14,15611,-3.972641,-15.11673,9.877365
2018-12-28 11:39:14,15622,-4.109024,-14.083038,9.468185
2018-12-28 11:39:14,15631,-4.0779114,-13.317337,9.233688
2018-12-28 11:39:14,15642,-3.738144,-12.630585,8.88913
2018-12-28 11:39:14,15651,-2.8025513,-11.716537,8.310059
2018-12-28 11:39:14,15661,-1.7138062,-10.809647,7.4390717
2018-12-28 11:39:14,15672,-0.7471161,-10.04155,6.5680847
2018-12-28 11:39:14,15681,-0.07472229,-9.194504,5.7162476
2018-12-28 11:39:14,15691,-0.0029449463,-8.065079,4.991226
2018-12-28 11:39:14,15701,-0.517395,-7.457306,4.6442566
2018-12-28 11:39:14,15712,-1.1395264,-6.7610016,4.4839478
2018-12-28 11:39:14,15721,-1.3907776,-5.868469,4.486328
2018-12-28 11:39:14,15731,-1.560669,-4.528488,4.6011963
2018-12-28 11:39:14,15742,-1.7114105,-4.009247,4.728012
2018-12-28 11:39:14,15751,-1.9483032,-3.69339,4.4336853
2018-12-28 11:39:14,15761,-1.7305603,-3.2124329,3.6847382
2018-12-28 11:39:14,15772,-1.0485992,-2.6357727,2.8855286
2018-12-28 11:39:14,15781,-0.5987549,-1.9729614,2.3423615
2018-12-28 11:39:14,15791,-0.32118225,-1.2527161,2.2969055
2018-12-28 11:39:14,15801,0.11430359,-0.6784363,2.5601044
2018-12-28 11:39:14,15812,0.26506042,-0.19270325,2.9956055
2018-12-28 11:39:14,15821,-0.17044067,0.5323334,3.8259125
2018-12-28 11:39:14,15831,-0.82606506,1.1879578,4.744751
2018-12-28 11:39:14,15841,-1.1036377,1.6401978,5.3621063
2018-12-28 11:39:14,15852,-0.96725464,1.8699188,5.335785
2018-12-28 11:39:14,15861,-0.69447327,2.154663,5.048645
2018-12-28 11:39:14,15872,-0.3259735,2.4441986,4.7304077
2018-12-28 11:39:14,15881,-0.06036377,2.659546,4.4289093
2018-12-28 11:39:14,15891,-0.06515503,2.8749084,4.3762665
2018-12-28 11:39:14,15902,-0.2924652,3.27211,4.8380737
2018-12-28 11:39:14,15911,-0.31401062,3.650177,5.5032806
2018-12-28 11:39:14,15921,-0.6513977,3.9014282,5.9866333
2018-12-28 11:39:14,15932,-1.2472076,4.234024,6.3742676
2018-12-28 11:39:14,15941,-1.7879944,4.446991,6.551346
2018-12-28 11:39:14,15951,-2.156479,4.525955,6.326416
2018-12-28 11:39:14,15962,-2.24263,4.612091,5.926819
2018-12-28 11:39:14,15971,-2.213913,4.722168,5.594208
2018-12-28 11:39:14,15982,-2.144516,4.777191,5.5056763
2018-12-28 11:39:14,15992,-1.8573761,5.054764,6.149338
2018-12-28 11:39:14,16002,-1.2137146,5.7104034,8.350739
2018-12-28 11:39:14,16011,-0.6394348,5.6864624,9.188232
2018-12-28 11:39:14,16021,-0.7088165,5.454361,8.783844
2018-12-28 11:39:14,16032,-1.5008545,5.4735107,7.465393
2018-12-28 11:39:14,16041,-2.5465088,5.363434,5.8191376
2018-12-28 11:39:14,16051,-3.4366455,5.1313324,4.7710724
2018-12-28 11:39:14,16061,-3.9343414,5.2796936,4.5413666
2018-12-28 11:39:14,16072,-3.7165985,5.7271423,5.426712
2018-12-28 11:39:14,16081,-3.2236786,6.1722107,6.3288116
2018-12-28 11:39:14,16092,-2.6302643,6.4210663,6.412552
2018-12-28 11:39:14,16101,-2.1181946,6.5287476,6.3359833
2018-12-28 11:39:14,16111,-1.7138062,6.4138794,5.9435577
2018-12-28 11:39:14,16122,-2.0200958,6.3277435,6.1636963
2018-12-28 11:39:14,16131,-1.5271759,6.4091034,6.4939117
2018-12-28 11:39:14,16141,-2.012909,6.074112,6.3981934
2018-12-28 11:39:14,16152,-2.1469116,5.145691,6.120636
2018-12-28 11:39:14,16161,-1.9100189,4.5762024,6.0440674
2018-12-28 11:39:14,16171,-0.4862976,4.2723083,6.1517334
2018-12-28 11:39:14,16181,0.34640503,4.980591,6.659012
2018-12-28 11:39:14,16192,1.4542847,5.609894,6.8624115
2018-12-28 11:39:14,16201,1.7605743,5.6170807,7.00119
2018-12-28 11:39:14,16212,1.5332489,5.511795,7.6352844
2018-12-28 11:39:14,16221,1.1456146,5.2796936,8.121033
2018-12-28 11:39:14,16232,0.32247925,4.973404,8.422531
2018-12-28 11:39:14,16241,-0.014907837,5.014084,8.45842
2018-12-28 11:39:14,16251,-0.27572632,5.1887665,8.494308
2018-12-28 11:39:14,16261,-0.07472229,5.265335,8.915451
2018-12-28 11:39:14,16272,-0.11300659,5.047577,9.583038
2018-12-28 11:39:14,16281,0.0640564,4.789154,9.922821
2018-12-28 11:39:14,16291,0.36076355,4.6216583,9.791214
2018-12-28 11:39:14,16301,0.34162903,4.636017,9.7314
2018-12-28 11:39:14,16312,0.037734985,4.8848724,9.757721
2018-12-28 11:39:14,16321,-0.12496948,5.083481,9.652435
2018-12-28 11:39:14,16331,-0.45039368,5.215088,9.154724
2018-12-28 11:39:14,16341,-1.0007477,5.286865,8.575668
2018-12-28 11:39:14,16351,-0.44082642,5.3658295,8.17128
2018-12-28 11:39:14,16361,-0.5532837,5.1983337,7.7429657
2018-12-28 11:39:14,16372,-0.5413208,5.2007294,7.259613
2018-12-28 11:39:14,16381,-0.3379364,5.2629395,7.2452545
2018-12-28 11:39:14,16391,-0.40493774,5.413681,7.4462585
2018-12-28 11:39:14,16402,-0.7518921,5.437622,7.8195343
2018-12-28 11:39:14,16412,-0.8811035,5.5596466,8.080353
2018-12-28 11:39:14,16421,-0.99835205,5.6290436,8.216751
2018-12-28 11:39:14,16431,-1.1395264,5.6864624,8.235886
2018-12-28 11:39:14,16442,-1.2543945,5.4687195,8.33638
2018-12-28 11:39:14,16451,-1.1299591,5.3706207,8.4249115
2018-12-28 11:39:14,16462,-1.0605621,5.289261,8.5924225
2018-12-28 11:39:14,16471,-0.96006775,5.265335,8.712051
2018-12-28 11:39:14,16481,-0.78060913,5.2342224,8.8293
2018-12-28 11:39:14,16492,-0.759079,5.2629395,8.542175
2018-12-28 11:39:14,16501,-0.861969,5.2677307,8.384247
2018-12-28 11:39:14,16511,-1.0653534,5.3131866,8.226318
2018-12-28 11:39:14,16522,-1.2926788,5.2916565,8.063599
2018-12-28 11:39:14,16531,-1.314209,5.3155823,7.9798584
2018-12-28 11:39:14,16542,-1.314209,5.2509766,8.015747
2018-12-28 11:39:15,16551,-1.3166046,5.1768036,8.142563
2018-12-28 11:39:15,16562,-1.1873932,5.128937,8.451233
2018-12-28 11:39:15,16571,-1.0222778,5.0284424,8.657028
2018-12-28 11:39:15,16582,-0.9576721,4.9949493,8.7000885
2018-12-28 11:39:15,16591,-0.98638916,4.9925537,8.386627
2018-12-28 11:39:15,16601,-1.0557861,5.088257,8.039673
2018-12-28 11:39:15,16612,-1.2472076,5.195938,7.833893
2018-12-28 11:39:15,16621,-1.6085205,5.2725067,7.757324
2018-12-28 11:39:15,16631,-1.9219818,5.373001,7.7836456
2018-12-28 11:39:15,16642,-2.0153046,5.437622,7.8650055
2018-12-28 11:39:15,16651,-1.9841919,5.471115,8.5230255
2018-12-28 11:39:15,16662,-1.8526001,5.373001,8.527817
2018-12-28 11:39:15,16671,-1.6563873,5.327545,8.121033
2018-12-28 11:39:15,16681,-1.4194946,5.2342224,7.7836456
2018-12-28 11:39:15,16691,-1.4051361,5.3155823,7.5659027
2018-12-28 11:39:15,16702,-1.4721375,5.4400024,7.3888245
2018-12-28 11:39:15,16711,-1.5463104,5.523758,7.1950073
2018-12-28 11:39:15,16722,-1.7377319,5.442398,7.1304016
2018-12-28 11:39:15,16731,-1.8526001,5.277298,7.2691803
2018-12-28 11:39:15,16741,-1.7018433,5.219864,7.7214355
2018-12-28 11:39:15,16751,-1.5702362,5.155258,8.003784
2018-12-28 11:39:15,16761,-1.4936676,5.224655,8.393814
2018-12-28 11:39:15,16772,-1.6611633,5.2916565,8.609161
2018-12-28 11:39:15,16781,-1.6611633,5.2916565,8.609161
