Time,Vector,Threshold,Peaks,Spikes
2,0.2534505131960572,0.29453224020456914,0,0
13,0.2520847875740777,0.29453224020456914,0,0
22,0.2511016098532013,0.29453224020456914,0,0
32,0.2546998629202467,0.29453224020456914,0,0
43,0.25680564991042126,0.29453224020456914,0,0
52,0.25727628892745275,0.29453224020456914,0,0
62,0.26009708029289375,0.29453224020456914,0,0
72,0.26836340467550207,0.29453224020456914,0,0
83,0.2708946053471028,0.29453224020456914,0,0
92,0.2741777507701456,0.29453224020456914,0,0
102,0.27290663494174366,0.29453224020456914,0,0
113,0.2677468442020036,0.29453224020456914,0,0
122,0.26324741196495094,0.29453224020456914,0,0
132,0.25899316475507334,0.29453224020456914,0,0
143,0.2579204495077544,0.29453224020456914,0,0
152,0.2569564306880646,0.29453224020456914,0,0
162,0.25952113811363986,0.29453224020456914,0,0
173,0.26324505408352616,0.29453224020456914,0,0
183,0.2692599527371541,0.29453224020456914,0,0
193,0.27248890639493084,0.29453224020456914,0,0
202,0.2737565492410645,0.29453224020456914,0,0
212,0.27491880208679453,0.29453224020456914,0,0
223,0.2750205248996286,0.29453224020456914,0,0
233,0.274782032997791,0.29453224020456914,0,0
242,0.27396446018202636,0.29453224020456914,0,0
253,0.26697142114472966,0.29453224020456914,0,0
262,0.26073998717485847,0.29453224020456914,0,0
273,0.2581858442445206,0.29453224020456914,0,0
282,0.25214609083013345,0.29453224020456914,0,0
293,0.2498315973739928,0.29453224020456914,0,0
303,0.2548382535064006,0.29453224020456914,0,0
312,0.260088171464535,0.29453224020456914,0,0
323,0.2644205020343905,0.29453224020456914,0,0
332,0.2666259655430587,0.29453224020456914,0,0
342,0.2611726642179997,0.29453224020456914,0,0
353,0.2576254443424799,0.29453224020456914,0,0
363,0.2562284889718962,0.29453224020456914,0,0
373,0.25014745068032146,0.29453224020456914,0,0
382,0.25301857341804984,0.29453224020456914,0,0
392,0.26140217233220875,0.29453224020456914,0,0
403,0.2635884610096455,0.29453224020456914,0,0
412,0.2661486141745751,0.29453224020456914,0,0
423,0.2679226245668395,0.29453224020456914,0,0
433,0.2715150388235136,0.29453224020456914,0,0
442,0.27387494618207703,0.29453224020456914,0,0
452,0.27006254878021657,0.29453224020456914,0,0
462,0.26763454560105665,0.29453224020456914,0,0
473,0.2640426774120296,0.29453224020456914,0,0
482,0.2639614319587867,0.29453224020456914,0,0
492,0.2609295700479622,0.29453224020456914,0,0
503,0.2612062403786899,0.29453224020456914,0,0
513,0.26138953955864297,0.29453224020456914,0,0
522,0.26200809130661223,0.29453224020456914,0,0
532,0.26296735191079346,0.29453224020456914,0,0
543,0.2639410214155072,0.29453224020456914,0,0
552,0.2654889444024778,0.29453224020456914,0,0
563,0.2703048179508555,0.29453224020456914,0,0
572,0.27111587542801424,0.29453224020456914,0,0
582,0.27126860722200835,0.29453224020456914,0,0
592,0.26744695678759384,0.29453224020456914,0,0
603,0.26747389604146865,0.29453224020456914,0,0
612,0.2660063333006927,0.29453224020456914,0,0
623,0.2630563854540291,0.29453224020456914,0,0
632,0.26215087920254176,0.29453224020456914,0,0
643,0.26403149077127813,0.29453224020456914,0,0
652,0.2688638623802729,0.29453224020456914,0,0
662,0.2717059402520243,0.29453224020456914,0,0
673,0.2715975092700818,0.29453224020456914,0,0
682,0.27112365782373493,0.29453224020456914,0,0
693,0.26830525559665963,0.29453224020456914,0,0
702,0.2643916459971577,0.29453224020456914,0,0
713,0.2603951603166627,0.29453224020456914,0,0
722,0.2580063564811174,0.29453224020456914,0,0
733,0.2585305431287085,0.29453224020456914,0,0
742,0.2607701832990528,0.29453224020456914,0,0
752,0.26267745474549214,0.29453224020456914,0,0
763,0.26256199332734464,0.29453224020456914,0,0
772,0.2617824029512313,0.29453224020456914,0,0
783,0.258198292415871,0.29453224020456914,0,0
792,0.25426428543503266,0.29453224020456914,0,0
803,0.25250150912090014,0.29453224020456914,0,0
812,0.2555945818099076,0.29453224020456914,0,0
822,0.2603151399758197,0.29453224020456914,0,0
833,0.26518205689192215,0.29453224020456914,0,0
842,0.27051902278529216,0.29453224020456914,0,0
853,0.27254783093851537,0.29453224020456914,0,0
862,0.27281050126492384,0.29453224020456914,0,0
872,0.2653665491308769,0.29453224020456914,0,0
883,0.2558858623624056,0.29453224020456914,0,0
892,0.2541166338667255,0.29453224020456914,0,0
902,0.255048447120371,0.29453224020456914,0,0
913,0.2569369299838254,0.29453224020456914,0,0
922,0.2572073877978674,0.29453224020456914,0,0
933,0.2536116336597852,0.29453224020456914,0,0
942,0.25017451023804266,0.29453224020456914,0,0
952,0.24074587583361004,0.29453224020456914,0,0
963,0.23523774042206463,0.29453224020456914,0,0
972,0.2265849063177111,0.29453224020456914,0,0
982,0.2278094104064078,0.29453224020456914,0,0
993,0.2583486785811978,0.29453224020456914,0,0
1002,0.2810249470700255,0.29453224020456914,0,0
1012,0.2859564613071809,0.29453224020456914,0,0
1022,0.2910392928267707,0.29453224020456914,0,0
1033,0.2796448510244703,0.29453224020456914,0,0
1042,0.25245220863863427,0.29453224020456914,0,0
1052,0.2330465062723114,0.29453224020456914,0,0
1063,0.23603647928356014,0.29453224020456914,0,0
1072,0.25309121738388884,0.29453224020456914,0,0
1083,0.2736946276510884,0.29453224020456914,0,0
1092,0.27736655407128114,0.29453224020456914,0,0
1103,0.2842584713857521,0.29453224020456914,0,0
1112,0.2720636824889446,0.29453224020456914,0,0
1123,0.24625799973340737,0.29453224020456914,0,0
1132,0.24640768001299854,0.29453224020456914,0,0
1142,0.2680169179166332,0.29453224020456914,0,0
1152,0.3170606027287152,0.29453224020456914,1,0
1163,0.3388607725986945,0.29453224020456914,1,0
1172,0.3403165147804877,0.29453224020456914,1,0
1183,0.33152069290580666,0.29453224020456914,1,0
1192,0.3000864330426658,0.29453224020456914,1,1
1202,0.2706489443056614,0.29453224020456914,0,0
1213,0.25568433861616996,0.29453224020456914,0,0
1222,0.23951596825411894,0.29453224020456914,0,0
1233,0.2377003162243038,0.29453224020456914,0,0
1242,0.26245888339115164,0.29453224020456914,0,0
1253,0.28175463948042884,0.29453224020456914,0,0
1262,0.2989176564917003,0.29453224020456914,1,0
1273,0.30020793918504396,0.29453224020456914,1,0
1282,0.29545955857867556,0.29453224020456914,1,1
1293,0.28997558889334757,0.29453224020456914,0,0
1302,0.302097168068845,0.29453224020456914,1,0
1313,0.30375695526752094,0.29453224020456914,1,0
1322,0.2956579960048625,0.29453224020456914,1,1
1332,0.27310581329535605,0.29453224020456914,0,0
1342,0.25796080599696314,0.29453224020456914,0,0
1353,0.25094211640678526,0.29453224020456914,0,0
1362,0.24648876577731396,0.29453224020456914,0,0
1372,0.2437772379939758,0.29453224020456914,0,0
1382,0.24704244480451318,0.29453224020456914,0,0
1393,0.2502579522064835,0.29453224020456914,0,0
1402,0.25006557023605913,0.29453224020456914,0,0
1412,0.2605490728218332,0.29453224020456914,0,0
1423,0.2622723099053344,0.29453224020456914,0,0
1433,0.26347248178563154,0.29453224020456914,0,0
1442,0.2602418392904504,0.29453224020456914,0,0
1453,0.25507029568882356,0.29453224020456914,0,0
1462,0.24455145862273037,0.29453224020456914,0,0
1473,0.23361625354540314,0.29453224020456914,0,0
1482,0.22229903784708285,0.29453224020456914,0,0
1493,0.2199816760592356,0.29453224020456914,0,0
1502,0.23835374995938172,0.29453224020456914,0,0
1513,0.25162991651388067,0.29453224020456914,0,0
1522,0.24846417552308903,0.29453224020456914,0,0
1533,0.23742208392046232,0.29453224020456914,0,0
1543,0.23592019789153645,0.29453224020456914,0,0
1552,0.2390421419887967,0.29453224020456914,0,0
1563,0.23994407413550928,0.29453224020456914,0,0
1573,0.23828270361582599,0.29453224020456914,0,0
1582,0.24076740081657025,0.29453224020456914,0,0
1593,0.25204962477339904,0.29453224020456914,0,0
1602,0.2510967040124145,0.29453224020456914,0,0
1613,0.27208011809810545,0.29453224020456914,0,0
1623,0.2841540121201802,0.29453224020456914,0,0
1632,0.28507839370033705,0.29453224020456914,0,0
1643,0.28614310376979224,0.29453224020456914,0,0
1652,0.2832688647285331,0.29453224020456914,0,0
1662,0.2872160377109268,0.29453224020456914,0,0
1673,0.2964842498775921,0.29453224020456914,1,0
1682,0.29800984080448895,0.29453224020456914,1,0
1692,0.3080621549126713,0.29453224020456914,1,0
1703,0.31736288399482887,0.29453224020456914,1,0
1712,0.3206529545829928,0.29453224020456914,1,0
1723,0.3129093763647885,0.29453224020456914,1,0
1732,0.3065675342589043,0.29453224020456914,1,0
1743,0.31307483617196014,0.29453224020456914,1,0
1752,0.31924056913849,0.29453224020456914,1,0
1762,0.3230988453897087,0.29453224020456914,1,0
1772,0.3283697703520163,0.29453224020456914,1,0
1783,0.3378878881512032,0.29453224020456914,1,0
1792,0.3404335159512146,0.29453224020456914,1,0
1803,0.3451288276291543,0.29453224020456914,1,0
1812,0.33799666589316507,0.29453224020456914,1,0
1822,0.33115822156760805,0.29453224020456914,1,0
1833,0.3237303602121657,0.29453224020456914,1,0
1842,0.3252072019951458,0.29453224020456914,1,0
1853,0.32761118704679615,0.29453224020456914,1,0
1862,0.32934033721377226,0.29453224020456914,1,0
1873,0.3279548780777366,0.29453224020456914,1,0
1882,0.32389153299922974,0.29453224020456914,1,0
1893,0.3165461823200021,0.29453224020456914,1,0
1902,0.3094440775786362,0.29453224020456914,1,0
1912,0.30500404934017844,0.29453224020456914,1,0
1923,0.30287698672822727,0.29453224020456914,1,0
1933,0.3025539300538525,0.29453224020456914,1,0
1942,0.30180474693525844,0.29453224020456914,1,1
1953,0.29326120881529566,0.29453224020456914,0,0
1962,0.29060799266804616,0.29453224020456914,0,0
1973,0.28423420638499763,0.29453224020456914,0,0
1982,0.283982591002994,0.29453224020456914,0,0
1993,0.28800871708243464,0.29453224020456914,0,0
2002,0.2979859782130163,0.29453224020456914,1,0
2013,0.3054506335980409,0.29453224020456914,1,0
2022,0.3072757656917102,0.29453224020456914,1,0
2033,0.308428245738245,0.29453224020456914,1,0
2043,0.30778548050183363,0.29453224020456914,1,0
2052,0.304804143031259,0.29453224020456914,1,0
2063,0.3032368099346639,0.29453224020456914,1,0
2072,0.3051476086785064,0.29453224020456914,1,0
2082,0.3000062814921887,0.29453224020456914,1,1
2093,0.29225730211393897,0.29453224020456914,0,0
2102,0.28612362474057623,0.29453224020456914,0,0
2113,0.29019719982147046,0.29453224020456914,0,0
2122,0.29262465446414904,0.29453224020456914,0,0
2133,0.29900478447816625,0.29453224020456914,1,0
2142,0.2950537107268475,0.29453224020456914,1,1
2153,0.29352344904428834,0.29453224020456914,0,0
2162,0.29192251120192947,0.29453224020456914,0,0
2172,0.28777673416642385,0.29453224020456914,0,0
2182,0.2830195388042432,0.29453224020456914,0,0
2193,0.28196780346974565,0.29453224020456914,0,0
2202,0.277711794944511,0.29453224020456914,0,0
2212,0.2756407965300731,0.29453224020456914,0,0
2223,0.2765699234093085,0.29453224020456914,0,0
2232,0.2792890765302722,0.29453224020456914,0,0
2242,0.28226755994786723,0.29453224020456914,0,0
2253,0.291024367448125,0.29453224020456914,0,0
2262,0.306536598456601,0.29453224020456914,1,0
2272,0.3212347695450471,0.29453224020456914,1,0
2283,0.3252723437307293,0.29453224020456914,1,0
2292,0.32721185438019595,0.29453224020456914,1,0
2303,0.3318808051089852,0.29453224020456914,1,0
2312,0.3328792173069165,0.29453224020456914,1,0
2322,0.3338264000365996,0.29453224020456914,1,0
2332,0.33647114757234675,0.29453224020456914,1,0
2343,0.3382446832895394,0.29453224020456914,1,0
2352,0.34334208549237466,0.29453224020456914,1,0
2363,0.35673756198413065,0.29453224020456914,1,0
2372,0.37375864131764375,0.29453224020456914,1,0
2383,0.38511588950185877,0.29453224020456914,1,0
2392,0.393329743763285,0.29453224020456914,1,0
2403,0.39838625074246925,0.29453224020456914,1,0
2412,0.404680581634217,0.29453224020456914,1,0
2423,0.40404774516027725,0.29453224020456914,1,0
2432,0.4030826320956598,0.29453224020456914,1,0
2443,0.40062401922844865,0.29453224020456914,1,0
2453,0.3997424692634495,0.29453224020456914,1,0
2463,0.40016262285140225,0.29453224020456914,1,0
2473,0.3969040188894841,0.29453224020456914,1,0
2482,0.39235402480069226,0.29453224020456914,1,0
2493,0.37577124559990244,0.29453224020456914,1,0
2502,0.3677200741883577,0.29453224020456914,1,0
2513,0.3642476719344542,0.29453224020456914,1,0
2522,0.36012746719321403,0.29453224020456914,1,0
2533,0.348468585273255,0.29453224020456914,1,0
2542,0.3384481938568954,0.29453224020456914,1,0
2553,0.3339256280906902,0.29453224020456914,1,0
2562,0.3271423934292541,0.29453224020456914,1,0
2573,0.31579413462074574,0.29453224020456914,1,0
2582,0.30668368440785765,0.29453224020456914,1,0
2593,0.2960465563346148,0.29453224020456914,1,1
2602,0.28156370495041755,0.29453224020456914,0,0
2613,0.2750320643933649,0.29453224020456914,0,0
2622,0.2648031833911097,0.29453224020456914,0,0
2633,0.2577715621276235,0.29453224020456914,0,0
2642,0.2502053413898037,0.29453224020456914,0,0
2653,0.2452236747354753,0.29453224020456914,0,0
2662,0.5517143147682856,0.29453224020456914,1,0
2672,0.5622274399865241,0.29453224020456914,1,0
2683,0.31400412325616084,0.29453224020456914,1,1
2692,0.24119440503119374,0.29453224020456914,0,0
2703,0.2804802128097353,0.29453224020456914,0,0
2712,0.27212236587862154,0.29453224020456914,0,0
2723,0.2812296092157765,0.29453224020456914,0,0
2732,0.2747501883168136,0.29453224020456914,0,0
2743,0.26457447074243284,0.29453224020456914,0,0
2752,0.26241277872318713,0.29453224020456914,0,0
2763,0.2622949057656448,0.29453224020456914,0,0
2772,0.2391087237100803,0.29453224020456914,0,0
2782,0.2284639245671768,0.29453224020456914,0,0
2793,0.22800414548498174,0.29453224020456914,0,0
2803,0.22603109411745456,0.29453224020456914,0,0
2812,0.22296385222293452,0.29453224020456914,0,0
2822,0.23018083250227162,0.29453224020456914,0,0
2833,0.24171611315180805,0.29453224020456914,0,0
2843,0.24333201217030587,0.29453224020456914,0,0
2852,0.25162398568807354,0.29453224020456914,0,0
2863,0.25645766781147505,0.29453224020456914,0,0
2872,0.2651691662990937,0.29453224020456914,0,0
2883,0.27225906705446873,0.29453224020456914,0,0
2892,0.2781003381535819,0.29453224020456914,0,0
2903,0.28412848917538847,0.29453224020456914,0,0
2912,0.28873278706936256,0.29453224020456914,0,0
2923,0.2943528802659507,0.29453224020456914,0,0
2932,0.29816401975920986,0.29453224020456914,1,0
2942,0.3046922878488208,0.29453224020456914,1,0
2953,0.30938850314681093,0.29453224020456914,1,0
2962,0.31559967008075396,0.29453224020456914,1,0
2973,0.32122136856118194,0.29453224020456914,1,0
2982,0.3260585156112891,0.29453224020456914,1,0
2993,0.3363752150606545,0.29453224020456914,1,0
3002,0.34129758711698954,0.29453224020456914,1,0
3013,0.34772183905847576,0.29453224020456914,1,0
3022,0.35364103188988616,0.29453224020456914,1,0
3033,0.3555828447851196,0.29453224020456914,1,0
3042,0.36331356773998547,0.29453224020456914,1,0
3053,0.3658789001846568,0.29453224020456914,1,0
3062,0.3650812482696069,0.29453224020456914,1,0
3072,0.36272579004085026,0.29453224020456914,1,0
3082,0.3619527793205986,0.29453224020456914,1,0
3092,0.36410127511716833,0.29453224020456914,1,0
3103,0.36534910249622915,0.29453224020456914,1,0
3112,0.36513327270853396,0.29453224020456914,1,0
3122,0.3656278474045673,0.29453224020456914,1,0
3132,0.36002283847462047,0.29453224020456914,1,0
3143,0.34892421559770087,0.29453224020456914,1,0
3152,0.34125442373748033,0.29453224020456914,1,0
3162,0.33428131617223666,0.29453224020456914,1,0
3173,0.33311486321184847,0.29453224020456914,1,0
3182,0.3335053482237551,0.29453224020456914,1,0
3192,0.3326417449692439,0.29453224020456914,1,0
3202,0.33033647605087507,0.29453224020456914,1,0
3213,0.31852487951670283,0.29453224020456914,1,0
3222,0.31614217938960454,0.29453224020456914,1,0
3232,0.3150414023332733,0.29453224020456914,1,0
3242,0.31675673140467187,0.29453224020456914,1,0
3253,0.3105199837943482,0.29453224020456914,1,0
3262,0.3011207412977208,0.29453224020456914,1,0
3272,0.29561929257775754,0.29453224020456914,1,1
3282,0.2938734764498015,0.29453224020456914,0,0
3293,0.29278916609576927,0.29453224020456914,0,0
3302,0.2893281696169058,0.29453224020456914,0,0
3312,0.2869219839569966,0.29453224020456914,0,0
3322,0.2870897373402526,0.29453224020456914,0,0
3332,0.2882353583395312,0.29453224020456914,0,0
3342,0.28877459671446365,0.29453224020456914,0,0
3352,0.290894735363884,0.29453224020456914,0,0
3362,0.2897054682789661,0.29453224020456914,0,0
3372,0.2895216834338068,0.29453224020456914,0,0
3383,0.2901248050690111,0.29453224020456914,0,0
3392,0.29498592634220205,0.29453224020456914,1,1
3402,0.29394556219031354,0.29453224020456914,0,0
3412,0.2957625660321599,0.29453224020456914,1,0
3422,0.3013668662483854,0.29453224020456914,1,0
3433,0.30278282499199194,0.29453224020456914,1,0
3442,0.3042385944614357,0.29453224020456914,1,0
3452,0.3106456184939044,0.29453224020456914,1,0
3462,0.3171073382715444,0.29453224020456914,1,0
3472,0.3191398724467491,0.29453224020456914,1,0
3483,0.3199580113852927,0.29453224020456914,1,0
3492,0.32172056488255285,0.29453224020456914,1,0
3502,0.3173562840552422,0.29453224020456914,1,0
3512,0.31065707880032817,0.29453224020456914,1,0
3522,0.30747904768861983,0.29453224020456914,1,0
3533,0.30567174330359226,0.29453224020456914,1,0
3542,0.30953160105906496,0.29453224020456914,1,0
3552,0.31480679635868913,0.29453224020456914,1,0
3563,0.3197039004410561,0.29453224020456914,1,0
3572,0.3253514848409737,0.29453224020456914,1,0
3582,0.32691928571129736,0.29453224020456914,1,0
3592,0.32729641585744523,0.29453224020456914,1,0
3602,0.32436146971457824,0.29453224020456914,1,0
3613,0.32163921831246495,0.29453224020456914,1,0
3622,0.31942462482233785,0.29453224020456914,1,0
3632,0.3251939185547323,0.29453224020456914,1,0
3642,0.3209443237563818,0.29453224020456914,1,0
3653,0.3163111369496938,0.29453224020456914,1,0
3662,0.31696859245117526,0.29453224020456914,1,0
3672,0.3203898317256196,0.29453224020456914,1,0
3683,0.3333932421591711,0.29453224020456914,1,0
3692,0.34972862708733016,0.29453224020456914,1,0
3702,0.3530313921341733,0.29453224020456914,1,0
3712,0.35476795518656123,0.29453224020456914,1,0
3723,0.3620727331217735,0.29453224020456914,1,0
3732,0.3627693198394248,0.29453224020456914,1,0
3742,0.3611968928845827,0.29453224020456914,1,0
3752,0.3603051196667767,0.29453224020456914,1,0
3763,0.3571829329437513,0.29453224020456914,1,0
3772,0.3521183617752262,0.29453224020456914,1,0
3782,0.351454478081132,0.29453224020456914,1,0
3792,0.3505045448246169,0.29453224020456914,1,0
3803,0.34700210844024476,0.29453224020456914,1,0
3812,0.34344131327164595,0.29453224020456914,1,0
3823,0.3389406165863852,0.29453224020456914,1,0
3832,0.33186656445070595,0.29453224020456914,1,0
3843,0.3253238165427736,0.29453224020456914,1,0
3853,0.31956764374263963,0.29453224020456914,1,0
3862,0.3110438035531827,0.29453224020456914,1,0
3873,0.3031599525126757,0.29453224020456914,1,0
3882,0.2980285083777429,0.29453224020456914,1,1
3893,0.2935463720590234,0.29453224020456914,0,0
3902,0.28515452878079545,0.29453224020456914,0,0
3913,0.2775692783981835,0.29453224020456914,0,0
3922,0.27313939078242694,0.29453224020456914,0,0
3932,0.25813560814437775,0.29453224020456914,0,0
3943,0.24794371795256898,0.29453224020456914,0,0
3952,0.24078917366723457,0.29453224020456914,0,0
3963,0.23573997737528393,0.29453224020456914,0,0
3973,0.2337961704984116,0.29453224020456914,0,0
3982,0.23201269805919825,0.29453224020456914,0,0
3993,0.2260192912065434,0.29453224020456914,0,0
4002,0.22305217176233152,0.29453224020456914,0,0
4013,0.21665352947649175,0.29453224020456914,0,0
4022,0.21612674075659988,0.29453224020456914,0,0
4033,0.21434441446494337,0.29453224020456914,0,0
4043,0.21387846551631443,0.29453224020456914,0,0
4052,0.21390333437432538,0.29453224020456914,0,0
4063,0.2141424584261814,0.29453224020456914,0,0
4073,0.21228451494090547,0.29453224020456914,0,0
4082,0.21422830336818743,0.29453224020456914,0,0
4093,0.21643981664054443,0.29453224020456914,0,0
4103,0.21928146124647502,0.29453224020456914,0,0
4112,0.22159717966365303,0.29453224020456914,0,0
4123,0.22258341306266352,0.29453224020456914,0,0
4132,0.22431734926377467,0.29453224020456914,0,0
4143,0.2298527511813647,0.29453224020456914,0,0
4153,0.2363063008706794,0.29453224020456914,0,0
4162,0.24774208834576555,0.29453224020456914,0,0
4172,0.2583637787615876,0.29453224020456914,0,0
4183,0.2613268811581929,0.29453224020456914,0,0
4192,0.26815825116416264,0.29453224020456914,0,0
4203,0.27197081258311834,0.29453224020456914,0,0
4212,0.27753137030901004,0.29453224020456914,0,0
4223,0.2869513677357865,0.29453224020456914,0,0
4232,0.29568422760574026,0.29453224020456914,1,0
4242,0.3016016941823098,0.29453224020456914,1,0
4253,0.3082605533810109,0.29453224020456914,1,0
4262,0.320419186255169,0.29453224020456914,1,0
4273,0.3280194259353156,0.29453224020456914,1,0
4282,0.33593613580713694,0.29453224020456914,1,0
4293,0.3445262828011901,0.29453224020456914,1,0
4302,0.3474861312626577,0.29453224020456914,1,0
4313,0.3529254498821447,0.29453224020456914,1,0
4322,0.3532939920215556,0.29453224020456914,1,0
4333,0.3572667310303875,0.29453224020456914,1,0
4343,0.3576715037418065,0.29453224020456914,1,0
4352,0.35817938374441605,0.29453224020456914,1,0
4363,0.35753388583997286,0.29453224020456914,1,0
4373,0.3580457065099025,0.29453224020456914,1,0
4382,0.36597590241313194,0.29453224020456914,1,0
4392,0.3769712595574104,0.29453224020456914,1,0
4403,0.374668108645651,0.29453224020456914,1,0
4412,0.36830464078002684,0.29453224020456914,1,0
4423,0.3585187332124052,0.29453224020456914,1,0
4432,0.3546888455956392,0.29453224020456914,1,0
4443,0.35358300612211846,0.29453224020456914,1,0
4453,0.34595242654873715,0.29453224020456914,1,0
4462,0.34460896625084625,0.29453224020456914,1,0
4473,0.3435040195636342,0.29453224020456914,1,0
4483,0.3413100693861975,0.29453224020456914,1,0
4492,0.3381208726511965,0.29453224020456914,1,0
4503,0.33254149257765003,0.29453224020456914,1,0
4512,0.32544262682017083,0.29453224020456914,1,0
4523,0.31824026833850366,0.29453224020456914,1,0
4532,0.3133585804537026,0.29453224020456914,1,0
4542,0.30340290122208075,0.29453224020456914,1,0
4553,0.30056413664544407,0.29453224020456914,1,1
4563,0.2934888556596463,0.29453224020456914,0,0
4572,0.29341344489345705,0.29453224020456914,0,0
4583,0.2949260127456441,0.29453224020456914,1,1
4592,0.29212712492562626,0.29453224020456914,0,0
4603,0.2901514742718356,0.29453224020456914,0,0
4612,0.29071746777941626,0.29453224020456914,0,0
4623,0.2912241610713263,0.29453224020456914,0,0
4632,0.2909948975636655,0.29453224020456914,0,0
4642,0.28648341723552245,0.29453224020456914,0,0
4652,0.28587557712998957,0.29453224020456914,0,0
4662,0.2859221651048449,0.29453224020456914,0,0
4673,0.28238657634813613,0.29453224020456914,0,0
4683,0.27888266818978547,0.29453224020456914,0,0
4692,0.277432685978752,0.29453224020456914,0,0
4703,0.27835299903500693,0.29453224020456914,0,0
4712,0.2826718207591817,0.29453224020456914,0,0
4723,0.28724956146070346,0.29453224020456914,0,0
4732,0.2924319388156545,0.29453224020456914,0,0
4743,0.3023281922600886,0.29453224020456914,1,0
4752,0.3067901828999514,0.29453224020456914,1,0
4763,0.30433943732898444,0.29453224020456914,1,0
4772,0.30259661768344176,0.29453224020456914,1,0
4783,0.30638966208412755,0.29453224020456914,1,0
4792,0.3061702376061342,0.29453224020456914,1,0
4802,0.3007182687515173,0.29453224020456914,1,0
4813,0.29554805922070165,0.29453224020456914,1,0
4822,0.302367102431591,0.29453224020456914,1,0
4833,0.3167462897478129,0.29453224020456914,1,0
4843,0.32132802623688894,0.29453224020456914,1,0
4852,0.349188855647594,0.29453224020456914,1,0
4863,0.3610249081204732,0.29453224020456914,1,0
4872,0.36704140939887736,0.29453224020456914,1,0
4883,0.3685970747454293,0.29453224020456914,1,0
4892,0.3687246459721449,0.29453224020456914,1,0
4903,0.3686990676264784,0.29453224020456914,1,0
4912,0.36878683292257597,0.29453224020456914,1,0
4923,0.3641470463146824,0.29453224020456914,1,0
4932,0.3599024079295517,0.29453224020456914,1,0
4943,0.3647084533452519,0.29453224020456914,1,0
4952,0.37249494731247573,0.29453224020456914,1,0
4963,0.37551624573086145,0.29453224020456914,1,0
4972,0.3767187897425574,0.29453224020456914,1,0
4983,0.3763083279374755,0.29453224020456914,1,0
4992,0.37833016296571215,0.29453224020456914,1,0
5003,0.3770893433047154,0.29453224020456914,1,0
5012,0.3715524923416022,0.29453224020456914,1,0
5023,0.3672767322185374,0.29453224020456914,1,0
5032,0.3643140404662224,0.29453224020456914,1,0
5043,0.3604946679459163,0.29453224020456914,1,0
5052,0.3584165473662522,0.29453224020456914,1,0
5063,0.35825753657845144,0.29453224020456914,1,0
5072,0.3507242847792666,0.29453224020456914,1,0
5083,0.34019271529499995,0.29453224020456914,1,0
5092,0.3309572439427974,0.29453224020456914,1,0
5103,0.32222697952151447,0.29453224020456914,1,0
5113,0.31170069118119403,0.29453224020456914,1,0
5122,0.30263464906582593,0.29453224020456914,1,1
5133,0.29377194818762264,0.29453224020456914,0,0
5142,0.28923508260987246,0.29453224020456914,0,0
5153,0.2817534401560606,0.29453224020456914,0,0
5162,0.2721626585512261,0.29453224020456914,0,0
5173,0.26330860738911,0.29453224020456914,0,0
5182,0.2546219707929029,0.29453224020456914,0,0
5192,0.24616956364316514,0.29453224020456914,0,0
5202,0.23777496499280637,0.29453224020456914,0,0
5213,0.22939595943138008,0.29453224020456914,0,0
5222,0.22643359023320364,0.29453224020456914,0,0
5233,0.219146055972624,0.29453224020456914,0,0
5242,0.21734717727209288,0.29453224020456914,0,0
5253,0.21463574604794047,0.29453224020456914,0,0
5262,0.2107144844110443,0.29453224020456914,0,0
5272,0.20719571660783076,0.29453224020456914,0,0
5283,0.20669812705355817,0.29453224020456914,0,0
5292,0.20622962689855096,0.29453224020456914,0,0
5302,0.20582534378237274,0.29453224020456914,0,0
5313,0.20682108863940019,0.29453224020456914,0,0
5322,0.20925696907009247,0.29453224020456914,0,0
5333,0.2103412275123664,0.29453224020456914,0,0
5342,0.21455162102073358,0.29453224020456914,0,0
5352,0.21670163599591435,0.29453224020456914,0,0
5363,0.22010818756251008,0.29453224020456914,0,0
5372,0.22367507066710932,0.29453224020456914,0,0
5382,0.23004067497694464,0.29453224020456914,0,0
5393,0.2369672085319577,0.29453224020456914,0,0
5402,0.24668796401708243,0.29453224020456914,0,0
5412,0.2578482734679551,0.29453224020456914,0,0
5423,0.2661735481727462,0.29453224020456914,0,0
5432,0.2747806866406381,0.29453224020456914,0,0
5442,0.27956457365413745,0.29453224020456914,0,0
5453,0.28394215918399446,0.29453224020456914,0,0
5462,0.2873105921034917,0.29453224020456914,0,0
5473,0.29111119906126387,0.29453224020456914,0,0
5483,0.2986051918659557,0.29453224020456914,1,0
5492,0.30777247034685445,0.29453224020456914,1,0
5503,0.32042921971843874,0.29453224020456914,1,0
5512,0.3283489694521003,0.29453224020456914,1,0
5523,0.33452944504256593,0.29453224020456914,1,0
5532,0.3361903969091143,0.29453224020456914,1,0
5543,0.3377202204245015,0.29453224020456914,1,0
5552,0.33827645012151475,0.29453224020456914,1,0
5563,0.343341966842167,0.29453224020456914,1,0
5572,0.3473753343837293,0.29453224020456914,1,0
5582,0.3541301677148469,0.29453224020456914,1,0
5593,0.3668201932946379,0.29453224020456914,1,0
5602,0.3689174269727066,0.29453224020456914,1,0
5613,0.36639569721478465,0.29453224020456914,1,0
5622,0.35944059443361176,0.29453224020456914,1,0
5633,0.35428667836625444,0.29453224020456914,1,0
5642,0.3525905764259824,0.29453224020456914,1,0
5653,0.35265635639045995,0.29453224020456914,1,0
5662,0.3552347950464966,0.29453224020456914,1,0
5673,0.35862153906527194,0.29453224020456914,1,0
5682,0.35191255256601167,0.29453224020456914,1,0
5693,0.346983839517014,0.29453224020456914,1,0
5702,0.3416545748448725,0.29453224020456914,1,0
5712,0.3301622060926979,0.29453224020456914,1,0
5723,0.3188719046461828,0.29453224020456914,1,0
5732,0.3084425812920961,0.29453224020456914,1,0
5743,0.312216293017747,0.29453224020456914,1,0
5752,0.31549344620770864,0.29453224020456914,1,0
5762,0.31485932761157603,0.29453224020456914,1,0
5773,0.31649267541709336,0.29453224020456914,1,0
5782,0.3135169722498478,0.29453224020456914,1,0
5793,0.30587193044654226,0.29453224020456914,1,0
5802,0.29909957350444005,0.29453224020456914,1,1
5812,0.29410629008939493,0.29453224020456914,0,0
5823,0.2951686572777868,0.29453224020456914,1,1
5832,0.29300201100681156,0.29453224020456914,0,0
5842,0.29067870858019607,0.29453224020456914,0,0
5852,0.29190448532739693,0.29453224020456914,0,0
5863,0.2951062197848784,0.29453224020456914,1,0
5872,0.29550598056589,0.29453224020456914,1,1
5883,0.29345670597124723,0.29453224020456914,0,0
5892,0.2912835930843208,0.29453224020456914,0,0
5902,0.28916354466772154,0.29453224020456914,0,0
5913,0.28882924235998725,0.29453224020456914,0,0
5922,0.28723390666403176,0.29453224020456914,0,0
5933,0.2848534190210321,0.29453224020456914,0,0
5942,0.2863011174734728,0.29453224020456914,0,0
5952,0.28718184347406434,0.29453224020456914,0,0
5963,0.29049241230944767,0.29453224020456914,0,0
5972,0.2972710041346966,0.29453224020456914,1,0
5983,0.29844454321866115,0.29453224020456914,1,0
5992,0.2961851119180833,0.29453224020456914,1,0
6003,0.29633274167470874,0.29453224020456914,1,0
6013,0.2980634021253369,0.29453224020456914,1,0
6022,0.29716567344351547,0.29453224020456914,1,0
6032,0.29682397009313405,0.29453224020456914,1,0
6043,0.2992612247897224,0.29453224020456914,1,0
6053,0.30511881898122906,0.29453224020456914,1,0
6062,0.31338059892018777,0.29453224020456914,1,0
6073,0.3169768940796489,0.29453224020456914,1,0
6082,0.31787603577606954,0.29453224020456914,1,0
6093,0.3211858442475262,0.29453224020456914,1,0
6102,0.3250451165477179,0.29453224020456914,1,0
6112,0.32890936839361046,0.29453224020456914,1,0
6123,0.334576123264346,0.29453224020456914,1,0
6133,0.33729038496829566,0.29453224020456914,1,0
6142,0.34437444420486146,0.29453224020456914,1,0
6152,0.35199694966081857,0.29453224020456914,1,0
6163,0.3524934114057576,0.29453224020456914,1,0
6172,0.34997887986646176,0.29453224020456914,1,0
6183,0.3514330671352096,0.29453224020456914,1,0
6192,0.352555350835113,0.29453224020456914,1,0
6203,0.3528183472219097,0.29453224020456914,1,0
6212,0.3546133442323482,0.29453224020456914,1,0
6222,0.35903738228759935,0.29453224020456914,1,0
6233,0.36336712565098156,0.29453224020456914,1,0
6243,0.3710305684216451,0.29453224020456914,1,0
6253,0.37493165121630223,0.29453224020456914,1,0
6262,0.3750345496723861,0.29453224020456914,1,0
6273,0.3688989733880244,0.29453224020456914,1,0
6282,0.36065264391441404,0.29453224020456914,1,0
6293,0.3549826340735072,0.29453224020456914,1,0
6303,0.3531826515706235,0.29453224020456914,1,0
6312,0.3466325658229573,0.29453224020456914,1,0
6323,0.3391743245376304,0.29453224020456914,1,0
6332,0.33002226758277214,0.29453224020456914,1,0
6342,0.3200551410934808,0.29453224020456914,1,0
6353,0.31383135251419786,0.29453224020456914,1,0
6362,0.30672988013044833,0.29453224020456914,1,0
6373,0.29727607428807723,0.29453224020456914,1,1
6382,0.28264624162413016,0.29453224020456914,0,0
6393,0.27262231710762097,0.29453224020456914,0,0
6402,0.27495825640463784,0.29453224020456914,0,0
6412,0.2753026832584938,0.29453224020456914,0,0
6423,0.265267943405695,0.29453224020456914,0,0
6432,0.2564031946126025,0.29453224020456914,0,0
6442,0.25360030158793573,0.29453224020456914,0,0
6452,0.24766085439116067,0.29453224020456914,0,0
6463,0.2377614244187303,0.29453224020456914,0,0
6472,0.2330732128246685,0.29453224020456914,0,0
6483,0.22952125763644263,0.29453224020456914,0,0
6492,0.22495940330736436,0.29453224020456914,0,0
6503,0.22151391749970856,0.29453224020456914,0,0
6513,0.21910603891668318,0.29453224020456914,0,0
6522,0.21461601050132706,0.29453224020456914,0,0
6532,0.21344714640279086,0.29453224020456914,0,0
6543,0.21234691316291024,0.29453224020456914,0,0
6553,0.20891477793202348,0.29453224020456914,0,0
6562,0.20816293304026545,0.29453224020456914,0,0
6572,0.20972584466443253,0.29453224020456914,0,0
6583,0.2112908983365199,0.29453224020456914,0,0
6593,0.21282498355840454,0.29453224020456914,0,0
6603,0.2180474909442841,0.29453224020456914,0,0
6612,0.2226327092828493,0.29453224020456914,0,0
6622,0.22663134417152622,0.29453224020456914,0,0
6632,0.23090742384789523,0.29453224020456914,0,0
6642,0.23517070902806467,0.29453224020456914,0,0
6653,0.24710726126418725,0.29453224020456914,0,0
6662,0.25122029150854913,0.29453224020456914,0,0
6673,0.2597223164442003,0.29453224020456914,0,0
6683,0.27645761651828205,0.29453224020456914,0,0
6692,0.28719412158505425,0.29453224020456914,0,0
6703,0.29345627263838003,0.29453224020456914,0,0
6712,0.29643070716081443,0.29453224020456914,1,0
6723,0.30039546874762446,0.29453224020456914,1,0
6732,0.3041515567568713,0.29453224020456914,1,0
6743,0.31012700993715164,0.29453224020456914,1,0
6753,0.32099471757525416,0.29453224020456914,1,0
6762,0.3326630639050912,0.29453224020456914,1,0
6772,0.340671443469341,0.29453224020456914,1,0
6783,0.34545455103360395,0.29453224020456914,1,0
6792,0.3457593403771411,0.29453224020456914,1,0
6803,0.3462154536437464,0.29453224020456914,1,0
6812,0.34667684076167843,0.29453224020456914,1,0
6823,0.3516618438253653,0.29453224020456914,1,0
6832,0.35586732499881424,0.29453224020456914,1,0
6843,0.3607086746035604,0.29453224020456914,1,0
6852,0.36291659130377696,0.29453224020456914,1,0
6863,0.36147828412459526,0.29453224020456914,1,0
6872,0.35501345622570873,0.29453224020456914,1,0
6882,0.345084492491743,0.29453224020456914,1,0
6893,0.33286759706787755,0.29453224020456914,1,0
6902,0.3320940136723317,0.29453224020456914,1,0
6913,0.3298822155255602,0.29453224020456914,1,0
6922,0.3313523787019312,0.29453224020456914,1,0
6933,0.33427704425575844,0.29453224020456914,1,0
6942,0.3287118801715815,0.29453224020456914,1,0
6953,0.3246282946433565,0.29453224020456914,1,0
6962,0.3197731990176671,0.29453224020456914,1,0
6973,0.3081469281459161,0.29453224020456914,1,0
6982,0.29880172513213843,0.29453224020456914,1,0
6992,0.29916494937828064,0.29453224020456914,1,0
7003,0.30529229883306347,0.29453224020456914,1,0
7012,0.30574885135214586,0.29453224020456914,1,0
7022,0.2984699407567161,0.29453224020456914,1,1
7033,0.2930901986920835,0.29453224020456914,0,0
7042,0.2913277004280356,0.29453224020456914,0,0
7052,0.29023816126723173,0.29453224020456914,0,0
7063,0.2926646041947639,0.29453224020456914,0,0
7072,0.2914209591532113,0.29453224020456914,0,0
7083,0.2894493054037108,0.29453224020456914,0,0
7092,0.28959549536733586,0.29453224020456914,0,0
7103,0.2934114364090123,0.29453224020456914,0,0
7112,0.29290323471164276,0.29453224020456914,0,0
7123,0.28978295257176556,0.29453224020456914,0,0
7132,0.2860955724682943,0.29453224020456914,0,0
7142,0.2846618475605428,0.29453224020456914,0,0
7153,0.2831410555005801,0.29453224020456914,0,0
7163,0.2844955741106897,0.29453224020456914,0,0
7172,0.291059048487972,0.29453224020456914,0,0
7183,0.29530807050378993,0.29453224020456914,1,0
7192,0.2987088741927321,0.29453224020456914,1,0
7203,0.29882915987763653,0.29453224020456914,1,0
7212,0.30071819539795297,0.29453224020456914,1,0
7223,0.30221159965936784,0.29453224020456914,1,0
7232,0.30069548565711396,0.29453224020456914,1,0
7243,0.29853131141802686,0.29453224020456914,1,0
7252,0.2982605776962699,0.29453224020456914,1,0
7262,0.30131538552429277,0.29453224020456914,1,0
7273,0.30060592220720767,0.29453224020456914,1,0
7282,0.2992679748978879,0.29453224020456914,1,0
7293,0.3011344046618555,0.29453224020456914,1,0
7302,0.30229268218922345,0.29453224020456914,1,0
7313,0.3025158524163091,0.29453224020456914,1,0
7323,0.3032778207525315,0.29453224020456914,1,0
7332,0.3088221267528689,0.29453224020456914,1,0
7343,0.3169584717826593,0.29453224020456914,1,0
7352,0.3302830799093181,0.29453224020456914,1,0
7363,0.3331586634005106,0.29453224020456914,1,0
7372,0.33539954758330376,0.29453224020456914,1,0
7383,0.33818615110378586,0.29453224020456914,1,0
7392,0.3410555924825097,0.29453224020456914,1,0
7403,0.3402477827318143,0.29453224020456914,1,0
7413,0.3419107196782588,0.29453224020456914,1,0
7422,0.3434476427304533,0.29453224020456914,1,0
7433,0.34603121446832324,0.29453224020456914,1,0
7442,0.3494299528243328,0.29453224020456914,1,0
7453,0.3517607265775955,0.29453224020456914,1,0
7462,0.35461541105084554,0.29453224020456914,1,0
7473,0.36195232783123316,0.29453224020456914,1,0
7482,0.36125392946386337,0.29453224020456914,1,0
7493,0.35599166698677065,0.29453224020456914,1,0
7503,0.3523259757893138,0.29453224020456914,1,0
7513,0.35050188009884126,0.29453224020456914,1,0
7522,0.3495142805262971,0.29453224020456914,1,0
7532,0.3495714218823445,0.29453224020456914,1,0
7542,0.34813631967864067,0.29453224020456914,1,0
7552,0.34739508317685236,0.29453224020456914,1,0
7563,0.3415678480885632,0.29453224020456914,1,0
7572,0.33409429863119167,0.29453224020456914,1,0
7583,0.32868687641063127,0.29453224020456914,1,0
7592,0.31306704066995555,0.29453224020456914,1,0
7602,0.3053105400657259,0.29453224020456914,1,0
7612,0.29874800350995045,0.29453224020456914,1,1
7623,0.294506141949557,0.29453224020456914,0,0
7632,0.2914977921684722,0.29453224020456914,0,0
7643,0.28636908377364995,0.29453224020456914,0,0
7652,0.2795777609969921,0.29453224020456914,0,0
7663,0.2718878513184496,0.29453224020456914,0,0
7672,0.2657547440042114,0.29453224020456914,0,0
7683,0.25798744693089426,0.29453224020456914,0,0
7693,0.2523498853641479,0.29453224020456914,0,0
7702,0.24434741107779345,0.29453224020456914,0,0
7713,0.23753306490166132,0.29453224020456914,0,0
7722,0.234046630568597,0.29453224020456914,0,0
7733,0.22976194573831574,0.29453224020456914,0,0
7742,0.22539169265387018,0.29453224020456914,0,0
7753,0.22347464468600536,0.29453224020456914,0,0
7762,0.22013653073513867,0.29453224020456914,0,0
7772,0.21638895109373227,0.29453224020456914,0,0
7783,0.21445662898000734,0.29453224020456914,0,0
7792,0.21173691373370118,0.29453224020456914,0,0
7803,0.21119124302748776,0.29453224020456914,0,0
7812,0.21074140973657604,0.29453224020456914,0,0
7822,0.20994344895145156,0.29453224020456914,0,0
7833,0.21391374624309567,0.29453224020456914,0,0
7842,0.21571587426885427,0.29453224020456914,0,0
7853,0.21905816263753317,0.29453224020456914,0,0
7862,0.22068865247029334,0.29453224020456914,0,0
7873,0.22541334374304084,0.29453224020456914,0,0
7882,0.2283969366859247,0.29453224020456914,0,0
7893,0.2359825506151106,0.29453224020456914,0,0
7902,0.241178453659844,0.29453224020456914,0,0
7913,0.24464255048634986,0.29453224020456914,0,0
7922,0.2579016152332124,0.29453224020456914,0,0
7933,0.2659454692493373,0.29453224020456914,0,0
7942,0.27105362523287213,0.29453224020456914,0,0
7953,0.27632482677660264,0.29453224020456914,0,0
7962,0.2828487552368983,0.29453224020456914,0,0
7973,0.2914226417172122,0.29453224020456914,0,0
7983,0.30018101590323365,0.29453224020456914,1,0
7992,0.3088199718808773,0.29453224020456914,1,0
8003,0.3194725390108234,0.29453224020456914,1,0
8012,0.32715263249590537,0.29453224020456914,1,0
8023,0.3351944238306523,0.29453224020456914,1,0
8032,0.3414878956718929,0.29453224020456914,1,0
8043,0.3466211630161488,0.29453224020456914,1,0
8052,0.35181196683755067,0.29453224020456914,1,0
8062,0.353760211435924,0.29453224020456914,1,0
8073,0.3490122510487731,0.29453224020456914,1,0
8082,0.34285152922365697,0.29453224020456914,1,0
8093,0.33849419801528047,0.29453224020456914,1,0
8102,0.3394465238897017,0.29453224020456914,1,0
8112,0.3475603176425038,0.29453224020456914,1,0
8123,0.34913074628589186,0.29453224020456914,1,0
8133,0.35131075280483076,0.29453224020456914,1,0
8142,0.3526544136173051,0.29453224020456914,1,0
8153,0.34212575375810134,0.29453224020456914,1,0
8162,0.3318798274365966,0.29453224020456914,1,0
8173,0.32149584532112413,0.29453224020456914,1,0
8182,0.31307735005378695,0.29453224020456914,1,0
8193,0.3106188085463081,0.29453224020456914,1,0
8202,0.3137495982992941,0.29453224020456914,1,0
8212,0.31979837695644586,0.29453224020456914,1,0
8223,0.32614699948938847,0.29453224020456914,1,0
8232,0.32122624130028526,0.29453224020456914,1,0
8242,0.31411722380634993,0.29453224020456914,1,0
8253,0.30963701912526387,0.29453224020456914,1,0
8262,0.30344503892506264,0.29453224020456914,1,0
8272,0.29638551223849263,0.29453224020456914,1,1
8283,0.2923101869975679,0.29453224020456914,0,0
8292,0.2960017252542728,0.29453224020456914,1,0
8303,0.3002541082227589,0.29453224020456914,1,0
8312,0.29915374423702096,0.29453224020456914,1,0
8323,0.29630033516697435,0.29453224020456914,1,0
8332,0.29813755497254857,0.29453224020456914,1,0
8342,0.29962196809919583,0.29453224020456914,1,0
8353,0.3016933158611895,0.29453224020456914,1,0
8363,0.30217867361784656,0.29453224020456914,1,0
8372,0.30021845849030376,0.29453224020456914,1,1
8383,0.2927741203671774,0.29453224020456914,0,0
8392,0.2922541258952917,0.29453224020456914,0,0
8403,0.29462020393767496,0.29453224020456914,1,0
8412,0.29724093882620334,0.29453224020456914,1,0
8423,0.30156035862744723,0.29453224020456914,1,0
8432,0.3079485628116384,0.29453224020456914,1,0
8443,0.31560961351939953,0.29453224020456914,1,0
8452,0.32018090703892294,0.29453224020456914,1,0
8462,0.32731839157520976,0.29453224020456914,1,0
8473,0.33157633276218185,0.29453224020456914,1,0
8482,0.33233400644642674,0.29453224020456914,1,0
8493,0.3284455494811124,0.29453224020456914,1,0
8503,0.32721033904270685,0.29453224020456914,1,0
8513,0.3230786113254321,0.29453224020456914,1,0
8523,0.321713875510391,0.29453224020456914,1,0
8533,0.3194295383839507,0.29453224020456914,1,0
8542,0.3192524748960536,0.29453224020456914,1,0
8553,0.3184981527519849,0.29453224020456914,1,0
8562,0.3181284765155661,0.29453224020456914,1,0
8573,0.320649907469646,0.29453224020456914,1,0
8582,0.32545536397285546,0.29453224020456914,1,0
8593,0.33169985182052997,0.29453224020456914,1,0
8602,0.33971938993584266,0.29453224020456914,1,0
8613,0.34657571609152227,0.29453224020456914,1,0
8622,0.34725412355457647,0.29453224020456914,1,0
8633,0.34711992132835057,0.29453224020456914,1,0
8642,0.347925177791986,0.29453224020456914,1,0
8653,0.3496247411710345,0.29453224020456914,1,0
8662,0.34915443976961774,0.29453224020456914,1,0
8673,0.34879448919090894,0.29453224020456914,1,0
8683,0.3568061560237404,0.29453224020456914,1,0
8692,0.3657557461994506,0.29453224020456914,1,0
8703,0.3658358808233797,0.29453224020456914,1,0
8712,0.36477556406585115,0.29453224020456914,1,0
8722,0.36135179686157864,0.29453224020456914,1,0
8733,0.3526839916485965,0.29453224020456914,1,0
8743,0.3491587582509726,0.29453224020456914,1,0
8752,0.34293493618788007,0.29453224020456914,1,0
8763,0.33803817847431594,0.29453224020456914,1,0
8773,0.33817211515421935,0.29453224020456914,1,0
8782,0.3405229862663404,0.29453224020456914,1,0
8793,0.346229016613937,0.29453224020456914,1,0
8802,0.34161986899053637,0.29453224020456914,1,0
8813,0.3359529019965036,0.29453224020456914,1,0
8822,0.3259262076130658,0.29453224020456914,1,0
8833,0.31774001791074064,0.29453224020456914,1,0
8842,0.3112268004303917,0.29453224020456914,1,0
8853,0.30505246410145503,0.29453224020456914,1,0
8862,0.30061414673920234,0.29453224020456914,1,0
8873,0.2949457663369278,0.29453224020456914,1,1
8882,0.2885426173762012,0.29453224020456914,0,0
8893,0.2821418242972894,0.29453224020456914,0,0
8902,0.2753395096210832,0.29453224020456914,0,0
8913,0.26322740032106984,0.29453224020456914,0,0
8923,0.2542809085494437,0.29453224020456914,0,0
8932,0.2458076323945618,0.29453224020456914,0,0
8943,0.23810403195583565,0.29453224020456914,0,0
8952,0.23019167096572554,0.29453224020456914,0,0
8963,0.22634953149944817,0.29453224020456914,0,0
8972,0.22503808412327966,0.29453224020456914,0,0
8983,0.22264039523105444,0.29453224020456914,0,0
8992,0.2169215307734685,0.29453224020456914,0,0
9003,0.21182817455796302,0.29453224020456914,0,0
9012,0.2082236567318283,0.29453224020456914,0,0
9022,0.20434040797066982,0.29453224020456914,0,0
9033,0.19944109976568275,0.29453224020456914,0,0
9042,0.1993351848829991,0.29453224020456914,0,0
9052,0.20300064944116517,0.29453224020456914,0,0
9063,0.20845481537229593,0.29453224020456914,0,0
9072,0.21250442007270468,0.29453224020456914,0,0
9082,0.21589022749564643,0.29453224020456914,0,0
9093,0.22208592804542654,0.29453224020456914,0,0
9102,0.2266058710046658,0.29453224020456914,0,0
9113,0.23292611114287567,0.29453224020456914,0,0
9122,0.23717493882042018,0.29453224020456914,0,0
9133,0.24425906798257865,0.29453224020456914,0,0
9142,0.2523398936686431,0.29453224020456914,0,0
9153,0.2608846107908342,0.29453224020456914,0,0
9162,0.2740498061308104,0.29453224020456914,0,0
9173,0.2821365875602464,0.29453224020456914,0,0
9182,0.2906592166637986,0.29453224020456914,0,0
9193,0.2977910886637926,0.29453224020456914,1,0
9202,0.3053631107616304,0.29453224020456914,1,0
9213,0.3134187675436087,0.29453224020456914,1,0
9222,0.3186878672236903,0.29453224020456914,1,0
9233,0.32204614177335644,0.29453224020456914,1,0
9242,0.33251936969691187,0.29453224020456914,1,0
9252,0.3415691569560597,0.29453224020456914,1,0
9263,0.3450233830266823,0.29453224020456914,1,0
9272,0.3431542113469725,0.29453224020456914,1,0
9283,0.3417536442152884,0.29453224020456914,1,0
9292,0.33596726791999104,0.29453224020456914,1,0
9303,0.335496744101583,0.29453224020456914,1,0
9312,0.3368328172940279,0.29453224020456914,1,0
9323,0.34162411429624917,0.29453224020456914,1,0
9332,0.34145025559812536,0.29453224020456914,1,0
9343,0.3420308974622483,0.29453224020456914,1,0
9352,0.33867320167838805,0.29453224020456914,1,0
9362,0.332820979599831,0.29453224020456914,1,0
9373,0.32861970785135,0.29453224020456914,1,0
9382,0.32770936264480177,0.29453224020456914,1,0
9392,0.32907725521492676,0.29453224020456914,1,0
9402,0.3279746966488295,0.29453224020456914,1,0
9413,0.32544457197101007,0.29453224020456914,1,0
9422,0.32493618240303646,0.29453224020456914,1,0
9432,0.32367587978747364,0.29453224020456914,1,0
9443,0.3173002223077659,0.29453224020456914,1,0
9452,0.31233151562840256,0.29453224020456914,1,0
9463,0.307002051198921,0.29453224020456914,1,0
9472,0.30454182610876906,0.29453224020456914,1,0
9483,0.30718496596068745,0.29453224020456914,1,0
9492,0.30504807902624365,0.29453224020456914,1,0
9502,0.3036903855665803,0.29453224020456914,1,0
9513,0.3023094232099733,0.29453224020456914,1,0
9522,0.30085321746414767,0.29453224020456914,1,0
9533,0.2970656238351097,0.29453224020456914,1,0
9542,0.29879030288829783,0.29453224020456914,1,0
9553,0.29960274362396716,0.29453224020456914,1,0
9562,0.29908280149529237,0.29453224020456914,1,0
9572,0.2987316758341911,0.29453224020456914,1,0
9582,0.29832514517883646,0.29453224020456914,1,0
9592,0.29619990481561237,0.29453224020456914,1,1
9603,0.29353418258375874,0.29453224020456914,0,0
9612,0.2914238102750022,0.29453224020456914,0,0
9623,0.29070071542462717,0.29453224020456914,0,0
9632,0.2897833384163532,0.29453224020456914,0,0
9643,0.2912237943355171,0.29453224020456914,0,0
9652,0.2954817091269057,0.29453224020456914,1,0
9663,0.297937250438748,0.29453224020456914,1,0
9672,0.2973911660335397,0.29453224020456914,1,0
9683,0.2965076311025297,0.29453224020456914,1,0
9692,0.29577977733667293,0.29453224020456914,1,0
9703,0.29767615125420416,0.29453224020456914,1,0
9712,0.299792885157432,0.29453224020456914,1,0
9723,0.29738917428113365,0.29453224020456914,1,0
9732,0.2955342307650812,0.29453224020456914,1,0
9743,0.29657066636632246,0.29453224020456914,1,0
9753,0.2971899850233773,0.29453224020456914,1,0
9762,0.29507969001501233,0.29453224020456914,1,0
9773,0.29514689889363027,0.29453224020456914,1,0
9782,0.29541003195172283,0.29453224020456914,1,0
9793,0.2984662919547959,0.29453224020456914,1,0
9802,0.300376227937825,0.29453224020456914,1,0
9813,0.30342197765617956,0.29453224020456914,1,0
9822,0.3075692998667982,0.29453224020456914,1,0
9832,0.31480385291924456,0.29453224020456914,1,0
9843,0.32299432082520724,0.29453224020456914,1,0
9852,0.33003841130370487,0.29453224020456914,1,0
9863,0.334707990822925,0.29453224020456914,1,0
9872,0.334973867023457,0.29453224020456914,1,0
9883,0.33682054385786014,0.29453224020456914,1,0
9892,0.34275885105253945,0.29453224020456914,1,0
9903,0.3527253706995838,0.29453224020456914,1,0
9912,0.36014679910895636,0.29453224020456914,1,0
9923,0.36551702385510565,0.29453224020456914,1,0
9932,0.3644702999559358,0.29453224020456914,1,0
9943,0.3603732534945172,0.29453224020456914,1,0
9952,0.35363873546044616,0.29453224020456914,1,0
9963,0.346445987019628,0.29453224020456914,1,0
9972,0.34006880956845725,0.29453224020456914,1,0
9983,0.33575051469431955,0.29453224020456914,1,0
9992,0.33631000933535143,0.29453224020456914,1,0
10003,0.3363218049127149,0.29453224020456914,1,0
10012,0.33027888064915234,0.29453224020456914,1,0
10022,0.3238482636892482,0.29453224020456914,1,0
10033,0.3186007000760786,0.29453224020456914,1,0
10043,0.31125879267143236,0.29453224020456914,1,0
10052,0.3031259303381051,0.29453224020456914,1,0
10063,0.2949220184180076,0.29453224020456914,1,1
10072,0.2815979273281955,0.29453224020456914,0,0
10082,0.27362489920452904,0.29453224020456914,0,0
10093,0.26967470114340786,0.29453224020456914,0,0
10102,0.26513679088212644,0.29453224020456914,0,0
10113,0.26046839160513735,0.29453224020456914,0,0
10122,0.25824817438885594,0.29453224020456914,0,0
10133,0.25290044413408413,0.29453224020456914,0,0
10142,0.2450145007375364,0.29453224020456914,0,0
10153,0.23938210827703924,0.29453224020456914,0,0
10162,0.23257722493605346,0.29453224020456914,0,0
10173,0.22833456658544857,0.29453224020456914,0,0
10182,0.22554357467453603,0.29453224020456914,0,0
10192,0.2233241444946314,0.29453224020456914,0,0
10202,0.22130041552239074,0.29453224020456914,0,0
10212,0.2198149846745759,0.29453224020456914,0,0
10223,0.2194072124457696,0.29453224020456914,0,0
10232,0.2213994747993113,0.29453224020456914,0,0
10243,0.2188021753416039,0.29453224020456914,0,0
10252,0.2149844956291347,0.29453224020456914,0,0
10263,0.21840056866572594,0.29453224020456914,0,0
10272,0.21825992461452054,0.29453224020456914,0,0
10282,0.21924064117134578,0.29453224020456914,0,0
10293,0.21965813171629114,0.29453224020456914,0,0
10302,0.22358377926708284,0.29453224020456914,0,0
10312,0.22449094289997343,0.29453224020456914,0,0
10323,0.22967551075253637,0.29453224020456914,0,0
10332,0.23216954374999513,0.29453224020456914,0,0
10342,0.23805171850245574,0.29453224020456914,0,0
10353,0.24433040231860062,0.29453224020456914,0,0
10362,0.2473143466333848,0.29453224020456914,0,0
10372,0.2538177699694163,0.29453224020456914,0,0
10382,0.2619063766844903,0.29453224020456914,0,0
10392,0.2707665349197067,0.29453224020456914,0,0
10402,0.2768679870711652,0.29453224020456914,0,0
10413,0.2823704476079457,0.29453224020456914,0,0
10422,0.28842660331960107,0.29453224020456914,0,0
10432,0.29107676745177036,0.29453224020456914,0,0
10442,0.2951707370356263,0.29453224020456914,1,0
10453,0.3008903145286474,0.29453224020456914,1,0
10462,0.3039081956598179,0.29453224020456914,1,0
10473,0.31001302559577,0.29453224020456914,1,0
10482,0.31063779955367554,0.29453224020456914,1,0
10493,0.3164944175385221,0.29453224020456914,1,0
10502,0.3210266186795345,0.29453224020456914,1,0
10513,0.3222338128960955,0.29453224020456914,1,0
10522,0.32745338506818056,0.29453224020456914,1,0
10533,0.3303106168016332,0.29453224020456914,1,0
10542,0.3332006656752514,0.29453224020456914,1,0
10552,0.33368559961059946,0.29453224020456914,1,0
10563,0.33573864018162414,0.29453224020456914,1,0
10572,0.340604042932687,0.29453224020456914,1,0
10583,0.3419237472891509,0.29453224020456914,1,0
10592,0.3400587178057244,0.29453224020456914,1,0
10603,0.3446671563050205,0.29453224020456914,1,0
10612,0.34580248577668815,0.29453224020456914,1,0
10623,0.343041572786763,0.29453224020456914,1,0
10632,0.33848604515516206,0.29453224020456914,1,0
10642,0.3375005106274411,0.29453224020456914,1,0
10652,0.3394232258670635,0.29453224020456914,1,0
10663,0.33878694951428295,0.29453224020456914,1,0
10672,0.3337137493275545,0.29453224020456914,1,0
10683,0.3295345358801986,0.29453224020456914,1,0
10693,0.3224717975463826,0.29453224020456914,1,0
10702,0.3153465337979113,0.29453224020456914,1,0
10713,0.3086428727248595,0.29453224020456914,1,0
10722,0.3069244916263311,0.29453224020456914,1,0
10733,0.30060391680262627,0.29453224020456914,1,1
10742,0.29443396587583115,0.29453224020456914,0,0
10753,0.28800697675872244,0.29453224020456914,0,0
10762,0.28592086819985346,0.29453224020456914,0,0
10772,0.2824670288219772,0.29453224020456914,0,0
10783,0.2785179582904935,0.29453224020456914,0,0
10792,0.2751357760847102,0.29453224020456914,0,0
10803,0.2722261556879684,0.29453224020456914,0,0
10812,0.26944178040972466,0.29453224020456914,0,0
10823,0.2708452983984511,0.29453224020456914,0,0
10832,0.26997899227005867,0.29453224020456914,0,0
10843,0.26627219018761733,0.29453224020456914,0,0
10852,0.2664122939259586,0.29453224020456914,0,0
10863,0.2705790452988285,0.29453224020456914,0,0
10872,0.27365739878641887,0.29453224020456914,0,0
10883,0.2752915044259731,0.29453224020456914,0,0
10892,0.27742275580972603,0.29453224020456914,0,0
10902,0.2843266450644247,0.29453224020456914,0,0
10913,0.29006165841609327,0.29453224020456914,0,0
10923,0.29527324253512005,0.29453224020456914,1,0
10932,0.2972812232501041,0.29453224020456914,1,0
10942,0.2977036452213897,0.29453224020456914,1,0
10953,0.2994837789033593,0.29453224020456914,1,0
10962,0.29859259104426766,0.29453224020456914,1,0
10973,0.298333061582189,0.29453224020456914,1,0
10982,0.30154570275367215,0.29453224020456914,1,0
10992,0.2984594668164383,0.29453224020456914,1,0
11003,0.30203766513970687,0.29453224020456914,1,0
11013,0.3091196883660932,0.29453224020456914,1,0
11022,0.3103233150253838,0.29453224020456914,1,0
11033,0.3123977284889038,0.29453224020456914,1,0
11042,0.3137339072055877,0.29453224020456914,1,0
11053,0.31587354002002827,0.29453224020456914,1,0
11062,0.3167838661706525,0.29453224020456914,1,0
11073,0.32048064271196997,0.29453224020456914,1,0
11083,0.3336538376207897,0.29453224020456914,1,0
11092,0.3419897503972517,0.29453224020456914,1,0
11103,0.34009882057227864,0.29453224020456914,1,0
11113,0.3403746656777117,0.29453224020456914,1,0
11122,0.34121540742594775,0.29453224020456914,1,0
11133,0.33923208720188097,0.29453224020456914,1,0
11143,0.3374518198245079,0.29453224020456914,1,0
11153,0.33571517362834014,0.29453224020456914,1,0
11162,0.3466604291961507,0.29453224020456914,1,0
11173,0.3476803922778268,0.29453224020456914,1,0
11182,0.34939338950563176,0.29453224020456914,1,0
11192,0.3523622186871889,0.29453224020456914,1,0
11203,0.3525406329114186,0.29453224020456914,1,0
11212,0.34856184899890935,0.29453224020456914,1,0
11222,0.3443379012958684,0.29453224020456914,1,0
11232,0.3306972837059488,0.29453224020456914,1,0
11243,0.3213566711068007,0.29453224020456914,1,0
11252,0.3135523879247964,0.29453224020456914,1,0
11262,0.3085387034404645,0.29453224020456914,1,0
11272,0.3084044750395426,0.29453224020456914,1,0
11282,0.30419183264803573,0.29453224020456914,1,0
11293,0.29915796887592916,0.29453224020456914,1,1
11302,0.29076838651946596,0.29453224020456914,0,0
11312,0.28015963141997857,0.29453224020456914,0,0
11322,0.2707414481467891,0.29453224020456914,0,0
11333,0.26271586169804934,0.29453224020456914,0,0
11342,0.25479038356205536,0.29453224020456914,0,0
11352,0.2517285225118437,0.29453224020456914,0,0
11362,0.24816975796069612,0.29453224020456914,0,0
11372,0.24423666026755347,0.29453224020456914,0,0
11383,0.24042373501111314,0.29453224020456914,0,0
11392,0.23609663026497804,0.29453224020456914,0,0
11402,0.23378524318090718,0.29453224020456914,0,0
11412,0.2286750792132297,0.29453224020456914,0,0
11422,0.2246670822823484,0.29453224020456914,0,0
11433,0.22031595075062177,0.29453224020456914,0,0
11442,0.21806493426815537,0.29453224020456914,0,0
11453,0.21842292247053585,0.29453224020456914,0,0
11462,0.22020499067539778,0.29453224020456914,0,0
11472,0.21928116494456876,0.29453224020456914,0,0
11483,0.21913618513563063,0.29453224020456914,0,0
11493,0.22052417838140567,0.29453224020456914,0,0
11502,0.22147577036634084,0.29453224020456914,0,0
11513,0.22303162453264075,0.29453224020456914,0,0
11522,0.22512870990032546,0.29453224020456914,0,0
11532,0.22681023919402754,0.29453224020456914,0,0
11543,0.2298311436107258,0.29453224020456914,0,0
11552,0.23477645681358186,0.29453224020456914,0,0
11562,0.23914411619449316,0.29453224020456914,0,0
11573,0.24272890437105352,0.29453224020456914,0,0
11582,0.24950902109446543,0.29453224020456914,0,0
11593,0.25506423172951975,0.29453224020456914,0,0
11602,0.2605256021797375,0.29453224020456914,0,0
11613,0.26636769625325607,0.29453224020456914,0,0
11622,0.2718710335697478,0.29453224020456914,0,0
11632,0.2759897998050407,0.29453224020456914,0,0
11642,0.2848822387363376,0.29453224020456914,0,0
11653,0.2905298488168285,0.29453224020456914,0,0
11662,0.2955655163665808,0.29453224020456914,1,0
11672,0.30177866254496866,0.29453224020456914,1,0
11683,0.3074917013952713,0.29453224020456914,1,0
11692,0.3103132982034287,0.29453224020456914,1,0
11702,0.3164615105317421,0.29453224020456914,1,0
11712,0.32234466575767295,0.29453224020456914,1,0
11722,0.32476705582782917,0.29453224020456914,1,0
11733,0.32701374690541496,0.29453224020456914,1,0
11742,0.3291743787581584,0.29453224020456914,1,0
11753,0.3283792542818139,0.29453224020456914,1,0
11762,0.3305188922166003,0.29453224020456914,1,0
11773,0.33933846558594777,0.29453224020456914,1,0
11782,0.34289026216759066,0.29453224020456914,1,0
11792,0.3446371137734913,0.29453224020456914,1,0
11802,0.34145521307880655,0.29453224020456914,1,0
11812,0.3398551825571843,0.29453224020456914,1,0
11823,0.33942310241603724,0.29453224020456914,1,0
11832,0.3345225596876643,0.29453224020456914,1,0
11842,0.331997557802115,0.29453224020456914,1,0
11853,0.32940261061536025,0.29453224020456914,1,0
11862,0.3252278613748262,0.29453224020456914,1,0
11872,0.32290011566769755,0.29453224020456914,1,0
11883,0.3214152200757788,0.29453224020456914,1,0
11892,0.3192300516147884,0.29453224020456914,1,0
11903,0.3148078859637326,0.29453224020456914,1,0
11912,0.31326695355363504,0.29453224020456914,1,0
11922,0.30936634823182396,0.29453224020456914,1,0
11933,0.3056956429313057,0.29453224020456914,1,0
11942,0.30354602083120436,0.29453224020456914,1,0
11953,0.3023034338723199,0.29453224020456914,1,0
11962,0.29725990408887304,0.29453224020456914,1,1
11972,0.2934222745770707,0.29453224020456914,0,0
11983,0.2904543631377765,0.29453224020456914,0,0
11992,0.2903027021550133,0.29453224020456914,0,0
12002,0.28641864464227734,0.29453224020456914,0,0
12012,0.2830770372912377,0.29453224020456914,0,0
12023,0.28402012341456545,0.29453224020456914,0,0
12033,0.2886762588224333,0.29453224020456914,0,0
12042,0.2894139534678198,0.29453224020456914,0,0
12052,0.2852119222762718,0.29453224020456914,0,0
12063,0.28165360179049914,0.29453224020456914,0,0
12072,0.2785236039793392,0.29453224020456914,0,0
12083,0.2742487398608407,0.29453224020456914,0,0
12092,0.27045238123650267,0.29453224020456914,0,0
12102,0.2687322943287712,0.29453224020456914,0,0
12113,0.26884498496885717,0.29453224020456914,0,0
12122,0.26960710387276166,0.29453224020456914,0,0
12133,0.2732111426561969,0.29453224020456914,0,0
12143,0.2795561533699385,0.29453224020456914,0,0
12152,0.2856055646445126,0.29453224020456914,0,0
12163,0.29421621084317234,0.29453224020456914,0,0
12172,0.3017242095164303,0.29453224020456914,1,0
12182,0.3071656405722421,0.29453224020456914,1,0
12193,0.3095053622696074,0.29453224020456914,1,0
12202,0.31216940727633014,0.29453224020456914,1,0
12212,0.3118002736697664,0.29453224020456914,1,0
12223,0.3114185743062504,0.29453224020456914,1,0
12232,0.3165852142072176,0.29453224020456914,1,0
12242,0.3186020036591856,0.29453224020456914,1,0
12252,0.3175390087616622,0.29453224020456914,1,0
12263,0.3211575712445322,0.29453224020456914,1,0
12272,0.3282545627062666,0.29453224020456914,1,0
12282,0.3331411559593491,0.29453224020456914,1,0
12292,0.34110957895319505,0.29453224020456914,1,0
12303,0.35568120494512956,0.29453224020456914,1,0
12312,0.35902072186750156,0.29453224020456914,1,0
12323,0.35721307311561634,0.29453224020456914,1,0
12332,0.3604381014705412,0.29453224020456914,1,0
12343,0.36267526499724695,0.29453224020456914,1,0
12352,0.3591016119132339,0.29453224020456914,1,0
12362,0.35738647906197457,0.29453224020456914,1,0
12373,0.3602346847220697,0.29453224020456914,1,0
12382,0.36873049567510113,0.29453224020456914,1,0
12393,0.37588923072508595,0.29453224020456914,1,0
12402,0.3792700423944692,0.29453224020456914,1,0
12412,0.3827895494333213,0.29453224020456914,1,0
12423,0.381394315443189,0.29453224020456914,1,0
12432,0.3759016623507902,0.29453224020456914,1,0
12443,0.37237986812670565,0.29453224020456914,1,0
12452,0.3753610384498359,0.29453224020456914,1,0
12463,0.373541868948955,0.29453224020456914,1,0
12472,0.3742605078160784,0.29453224020456914,1,0
12482,0.3767697496563259,0.29453224020456914,1,0
12493,0.36820219264247706,0.29453224020456914,1,0
12502,0.3587660723337526,0.29453224020456914,1,0
12513,0.3518667253266624,0.29453224020456914,1,0
12522,0.34363007465211576,0.29453224020456914,1,0
12533,0.34005155921883207,0.29453224020456914,1,0
12542,0.33224513720771254,0.29453224020456914,1,0
12553,0.33143244821211976,0.29453224020456914,1,0
12562,0.3187177635738618,0.29453224020456914,1,0
12573,0.314244669633477,0.29453224020456914,1,0
12582,0.30414731677998463,0.29453224020456914,1,0
12593,0.2966684832995767,0.29453224020456914,1,1
12602,0.2797857763853726,0.29453224020456914,0,0
12613,0.26653356364702746,0.29453224020456914,0,0
12622,0.25790606310009023,0.29453224020456914,0,0
12633,0.2538389856307126,0.29453224020456914,0,0
12642,0.2559920387924627,0.29453224020456914,0,0
12653,0.26341511556788155,0.29453224020456914,0,0
12662,0.2698185260933422,0.29453224020456914,0,0
12673,0.27065245884277295,0.29453224020456914,0,0
12682,0.27027237676386767,0.29453224020456914,0,0
12693,0.2746416294987965,0.29453224020456914,0,0
12702,0.2795259720976891,0.29453224020456914,0,0
12713,0.2919670079708599,0.29453224020456914,0,0
12722,0.296864472792504,0.29453224020456914,1,0
12733,0.30024094770866033,0.29453224020456914,1,0
12742,0.30062896339582723,0.29453224020456914,1,0
12753,0.30275255336744566,0.29453224020456914,1,0
12762,0.30104537465167747,0.29453224020456914,1,0
12773,0.2981651746837325,0.29453224020456914,1,0
12782,0.30040827266986636,0.29453224020456914,1,0
12793,0.31090395786798997,0.29453224020456914,1,0
12802,0.31700787875124936,0.29453224020456914,1,0
12812,0.33115881449510265,0.29453224020456914,1,0
12823,0.3556746220042737,0.29453224020456914,1,0
12832,0.3786158716792196,0.29453224020456914,1,0
12843,0.37979882735484954,0.29453224020456914,1,0
12853,0.3741251200051274,0.29453224020456914,1,0
12862,0.3597130180405252,0.29453224020456914,1,0
12873,0.3498686875645793,0.29453224020456914,1,0
12882,0.35053764300878715,0.29453224020456914,1,0
12892,0.3530851973501924,0.29453224020456914,1,0
12902,0.34957933128526275,0.29453224020456914,1,0
12913,0.3380835110212526,0.29453224020456914,1,0
12922,0.32728654503473925,0.29453224020456914,1,0
12933,0.3245249942522464,0.29453224020456914,1,0
12942,0.3331820256133677,0.29453224020456914,1,0
12952,0.33419019282761786,0.29453224020456914,1,0
12963,0.3318385359256885,0.29453224020456914,1,0
12972,0.3268912808052718,0.29453224020456914,1,0
12983,0.3232287641845441,0.29453224020456914,1,0
12993,0.31664607096143554,0.29453224020456914,1,0
13002,0.3193536461035373,0.29453224020456914,1,0
13013,0.323113849243595,0.29453224020456914,1,0
13022,0.324156176077397,0.29453224020456914,1,0
13033,0.31804109806808983,0.29453224020456914,1,0
13042,0.3000094635317695,0.29453224020456914,1,1
13052,0.27295020587339025,0.29453224020456914,0,0
13063,0.24652393781697,0.29453224020456914,0,0
13072,0.22238675768489372,0.29453224020456914,0,0
13083,0.19936823769933662,0.29453224020456914,0,0
13093,0.17372215806458757,0.29453224020456914,0,0
13102,0.16658774545298138,0.29453224020456914,0,0
13112,0.15608742926043165,0.29453224020456914,0,0
13123,0.1574342856951645,0.29453224020456914,0,0
13132,0.16217744047393115,0.29453224020456914,0,0
13143,0.1675267108147148,0.29453224020456914,0,0
13152,0.17432746925218606,0.29453224020456914,0,0
13163,0.17405266997839022,0.29453224020456914,0,0
13172,0.1652578849711009,0.29453224020456914,0,0
13183,0.15778203707304966,0.29453224020456914,0,0
13192,0.15236049259373982,0.29453224020456914,0,0
13202,0.14739856170529175,0.29453224020456914,0,0
13213,0.14499656109904618,0.29453224020456914,0,0
13222,0.14379369458836125,0.29453224020456914,0,0
13233,0.13577332413085613,0.29453224020456914,0,0
13243,0.1354842457531955,0.29453224020456914,0,0
13252,0.13502486259370897,0.29453224020456914,0,0
13263,0.13864995151769482,0.29453224020456914,0,0
13272,0.14504285829621819,0.29453224020456914,0,0
13283,0.1561518221129626,0.29453224020456914,0,0
13292,0.16722717773088452,0.29453224020456914,0,0
13303,0.16889091347768534,0.29453224020456914,0,0
13312,0.16819384347020855,0.29453224020456914,0,0
13322,0.162624820544028,0.29453224020456914,0,0
13333,0.16834274173757127,0.29453224020456914,0,0
13342,0.23002570642324777,0.29453224020456914,0,0
13352,0.2139285228525758,0.29453224020456914,0,0
13363,0.23174408904424956,0.29453224020456914,0,0
13373,0.2778770370237202,0.29453224020456914,0,0
13383,0.2868396409894953,0.29453224020456914,0,0
13392,0.25744153584714535,0.29453224020456914,0,0
13403,0.19875064786563273,0.29453224020456914,0,0
13412,0.20042162755766194,0.29453224020456914,0,0
13423,0.20362258923880716,0.29453224020456914,0,0
13433,0.22492395298613518,0.29453224020456914,0,0
13442,0.24570000158298919,0.29453224020456914,0,0
13452,0.27284866591032664,0.29453224020456914,0,0
13463,0.31986805214930125,0.29453224020456914,1,0
13472,0.33829503118564574,0.29453224020456914,1,0
13483,0.34077914847417284,0.29453224020456914,1,0
13493,0.30857503820614984,0.29453224020456914,1,1
13502,0.24467415173599472,0.29453224020456914,0,0
13513,0.2186785129622705,0.29453224020456914,0,0
13522,0.2259243596243536,0.29453224020456914,0,0
13533,0.22929683758837766,0.29453224020456914,0,0
13542,0.23659434647491337,0.29453224020456914,0,0
13553,0.24531634284813456,0.29453224020456914,0,0
13562,0.2551544730961653,0.29453224020456914,0,0
13573,0.2702541523111568,0.29453224020456914,0,0
13582,0.27987412846202364,0.29453224020456914,0,0
13592,0.2826308034363457,0.29453224020456914,0,0
13602,0.28200553017321717,0.29453224020456914,0,0
13612,0.2713745810047637,0.29453224020456914,0,0
13622,0.25485611983859474,0.29453224020456914,0,0
13632,0.25187977139187906,0.29453224020456914,0,0
13643,0.25920262798735055,0.29453224020456914,0,0
13652,0.2718474357615278,0.29453224020456914,0,0
13663,0.27165345193288126,0.29453224020456914,0,0
13672,0.29826154910199243,0.29453224020456914,1,0
13683,0.3046206165404114,0.29453224020456914,1,1
13692,0.28738668444654053,0.29453224020456914,0,0
13702,0.2705658404432183,0.29453224020456914,0,0
13713,0.2680263636682001,0.29453224020456914,0,0
13722,0.27221025383671277,0.29453224020456914,0,0
13732,0.27620858779700297,0.29453224020456914,0,0
13743,0.2792083163973751,0.29453224020456914,0,0
13752,0.2793679684246786,0.29453224020456914,0,0
13763,0.2776628818020935,0.29453224020456914,0,0
13772,0.27579543899024533,0.29453224020456914,0,0
13782,0.27347480623604575,0.29453224020456914,0,0
13793,0.2691330169413695,0.29453224020456914,0,0
13802,0.2631467995140501,0.29453224020456914,0,0
13813,0.2585772023959036,0.29453224020456914,0,0
13822,0.2573713661869378,0.29453224020456914,0,0
13832,0.25874363588585114,0.29453224020456914,0,0
13843,0.25960643709524206,0.29453224020456914,0,0
13852,0.2614526632672529,0.29453224020456914,0,0
13862,0.26094368352235764,0.29453224020456914,0,0
13873,0.2646595614784454,0.29453224020456914,0,0
13882,0.26535783567590876,0.29453224020456914,0,0
13893,0.2665385557825436,0.29453224020456914,0,0
13902,0.26815606209769177,0.29453224020456914,0,0
13913,0.2505775412922048,0.29453224020456914,0,0
13922,0.24008590527297047,0.29453224020456914,0,0
13932,0.24187357984217206,0.29453224020456914,0,0
13943,0.24724746884249962,0.29453224020456914,0,0
13952,0.2525386642250663,0.29453224020456914,0,0
13962,0.2601308830032932,0.29453224020456914,0,0
13972,0.26984507822529497,0.29453224020456914,0,0
13983,0.2838692370426411,0.29453224020456914,0,0
13992,0.28247373600621134,0.29453224020456914,0,0
14002,0.27861239995558684,0.29453224020456914,0,0
14012,0.2706839805698781,0.29453224020456914,0,0
14023,0.2706839805698781,0.29453224020456914,0,0
14032,0.2706839805698781,0.29453224020456914,0,0
14042,0.2706839805698781,0.29453224020456914,0,0
