Time,Vector,A_GSVM,Fall mag,Theta
3,9.519075346805119,-9.44786003209652,18.96693537890164,-89.326680576604
11,9.54075242153754,-9.461920720452454,19.002673141989995,-89.2563633575019
21,9.542954200670863,-9.474779590305396,19.01773379097626,-89.35704239967319
32,9.545882738741067,-9.451817870178747,18.997700608919814,-89.11314245080227
41,9.533709831343998,-9.448777143452409,18.98248697479641,-89.19821957606555
51,9.58177131285271,-9.48770647237745,19.069477785230163,-89.11646444416623
61,9.61525107953961,-9.525752379810069,19.141003459349676,-89.16228053651156
72,9.554899327293551,-9.488249919592844,19.043149246886394,-89.37221246529212
81,9.584192572746119,-9.490127734154424,19.074320306900542,-89.11668766993203
91,9.641377621574067,-9.55797025045845,19.19934787203252,-89.2214117426945
102,9.59621104566107,-9.502146216397795,19.098357262058865,-89.11779403418575
111,9.557443704666525,-9.481652752833162,19.03909645749969,-89.28629601431267
122,9.524053329766316,-9.443696384063452,18.967749713829768,-89.2406463022782
131,9.514158399010492,-9.450559367067626,18.964717766078117,-89.39837948509945
141,9.533884357163332,-9.441335048839592,18.975219406002925,-89.1263332512652
152,9.567496365280974,-9.470380927112975,19.03787729239395,-89.08644967278615
161,9.629349493892954,-9.550517833349804,19.17986732724276,-89.26320573852023
172,9.595625380666357,-9.528975984262367,19.124601364928722,-89.37487704673788
181,9.574218189049848,-9.499952465061135,19.074170654110983,-89.30188397349993
192,9.605483404733324,-9.522076014395559,19.127559419128882,-89.21850209780177
201,9.603187163054907,-9.518254515130781,19.12144167818569,-89.2040206877797
212,9.600846363680569,-9.514398181237995,19.115244544918564,-89.18961973506167
221,9.581323976858467,-9.510108683380555,19.091432660239022,-89.33105524575804
232,9.521781274750131,-9.435333044238192,18.957114318988324,-89.18289020493398
241,9.600574726938776,-9.52935943994311,19.12993416688189,-89.33239665208527
252,9.557810055198157,-9.465260764809393,19.02307082000755,-89.1285204364928
262,9.593556105177235,-9.507107918352078,19.100664023529312,-89.18900387625133
271,9.5980937669148,-9.528403685896674,19.126497452811474,-89.34652573271875
282,9.58152677671312,-9.501169859148908,19.08269663586203,-89.24520144343217
291,9.586350168887881,-9.504468013496224,19.090818182384105,-89.23126175703803
302,9.605602264307167,-9.523720118754008,19.129322383061176,-89.23280259821212
311,9.586197130523546,-9.511931411124735,19.09812854164828,-89.30275638453014
322,9.569505319125794,-9.48914839571786,19.058653714843654,-89.24425319120104
333,9.56929113889457,-9.499601048767047,19.068892187661618,-89.34455875357538
342,9.576747405975683,-9.4933400000931,19.070087406068783,-89.21615698825383
351,9.550428876472564,-9.46702145622961,19.017450332702175,-89.21399678287135
362,9.572000947310764,-9.487068281554135,19.0590692288649,-89.20142716656916
371,9.596172008646779,-9.505148024316725,19.101320032963503,-89.14630973868297
382,9.589225511949989,-9.490584790935232,19.07981030288522,-89.07420418048727
391,9.543217622764086,-9.46133544511362,19.00455306787771,-89.22778707561241
402,9.586063750724243,-9.516373665911374,19.102437416635617,-89.34570562054896
412,9.572155771781592,-9.48418230404216,19.056338075823753,-89.172849639588
422,9.564608545392867,-9.491868034264218,19.056476579657087,-89.31553435035961
432,9.562314517878447,-9.483482826764002,19.045797344642448,-89.25804028020256
441,9.533643611948735,-9.451761429316523,18.98540504126526,-89.22701154596729
452,9.555113034130905,-9.477806570733645,19.03291960486455,-89.27184726325048
461,9.536043387116768,-9.454161205734666,18.990204592851434,-89.22720608272974
471,9.571738580447105,-9.500523283726933,19.07226186417404,-89.3303853160064
482,9.572150707463186,-9.493319020874779,19.065469728337966,-89.25880274874643
491,9.583788785904423,-9.518664580592242,19.102453366496665,-89.38842783276728
502,9.533663426424184,-9.451781243802298,18.98544467022648,-89.2270131526204
512,9.591091993706536,-9.510735080776355,19.10182707448289,-89.24595424916559
523,9.600675475465616,-9.51879332740033,19.119468802865946,-89.23240887115618
533,9.574530987941774,-9.486557521718419,19.061088509660195,-89.17305485040747
542,9.57205881977679,-9.48408535197545,19.05614417175224,-89.1728412610919
552,9.541212706378136,-9.442571942051115,18.98378464842925,-89.06954502927104
561,9.541129211902046,-9.445539048290613,18.98666826019266,-89.09831273280555
572,9.564684767138168,-9.487378307904086,19.052063075042255,-89.2725759917387
581,9.560042693116475,-9.484251742348725,19.0442944354652,-89.28649005155499
591,9.59377966926258,-9.50428095524274,19.09806062450532,-89.16040553989451
602,9.588696332701236,-9.506814178511723,19.095510511212957,-89.23144986332254
612,9.576857680542275,-9.490409483641011,19.067267164183285,-89.18758971046198
622,9.584343770777336,-9.48570304538848,19.070046816165814,-89.07373258959419
632,9.583995497460668,-9.499062838583217,19.083058336043884,-89.2024266600505
641,9.564666947444575,-9.487360488202752,19.052027435647325,-89.27257463642026
651,9.536605171326524,-9.434913776740023,18.971518948066546,-89.04030571169048
662,9.555050587272722,-9.479259634457385,19.03431022173011,-89.2861172537939
671,9.53819810591575,-9.468508005861663,19.00670611177741,-89.3424220240322
682,9.593348054931516,-9.520607554154193,19.113955609085707,-89.3175849523573
692,9.574493333828743,-9.495661648316217,19.07015498214496,-89.25898411030695
703,9.547939891125909,-9.469108193371925,19.017048084497834,-89.25692318146528
711,9.593342804150511,-9.517551866959607,19.110894671110117,-89.28896689230889
722,9.562464256740988,-9.476016051112094,19.03848030785308,-89.1863667881304
731,9.617378958993399,-9.537022058727244,19.154401017720645,-89.24801538394294
741,9.593841561425107,-9.495200844540244,19.08904240596535,-89.07464966324513
753,9.526644214231407,-9.437145454904405,18.963789669135814,-89.15448838454601
761,9.500092950318246,-9.421261230246536,18.921354180564784,-89.25318048533238
772,9.535917581340403,-9.460126620647577,18.996044201987978,-89.28468483455626
781,9.55990531017138,-9.482598848860059,19.042504159031438,-89.27221229789627
791,9.620051923939332,-9.529027956310351,19.149079880249683,-89.14842901562493
801,9.622640606773869,-9.520949296845465,19.143589903619336,-89.04888707086144
811,9.588624769513972,-9.509793090474783,19.098417859988757,-89.26007625868473
822,9.613000029754092,-9.517409924927856,19.130409954681948,-89.10505467515522
831,9.641289658151589,-9.563983231790905,19.205272889942492,-89.27835604787799
842,9.617426007527387,-9.538594341593242,19.15602034912063,-89.26229222574523
851,9.536011989533316,-9.455655049727287,18.991667039260605,-89.24159862734227
861,9.516737208704765,-9.442471462449706,18.95920867115447,-89.2976671503715
872,9.524084613249858,-9.442202425628713,18.96628703887857,-89.22623567669162
881,9.55027241477013,-9.474481459991948,19.024753874762077,-89.28576006696028
891,9.603244773359172,-9.515271325374659,19.11851609873383,-89.17552759453025
901,9.627342209807889,-9.534792970784284,19.162135180592173,-89.13481505792546
911,9.598696360691111,-9.498530340907564,19.097226701598675,-89.06081602732664
922,9.557512033484858,-9.478680340155512,19.036192373640368,-89.25766743742678
931,9.53148998526532,-9.438940675139294,18.970430660404617,-89.12611376351245
941,9.619677889092015,-9.546937397716778,19.166615286808792,-89.31945286534025
952,9.567102045019741,-9.486745120440915,19.053847165460656,-89.24406333516019
961,9.526505960919181,-9.443098527519584,18.969604488438765,-89.21202285111052
972,9.519356362687832,-9.434423666430012,18.953780029117844,-89.1970105570199
981,9.543060501795603,-9.468794765787317,19.01185526758292,-89.29960454096586
992,9.57205385656381,-9.485605656754068,19.05765951331788,-89.18718196747903
1001,9.636687124714408,-9.551754495753238,19.188441620467646,-89.2067879233205
1012,9.603192063618385,-9.51521861560054,19.118410679218925,-89.17552306887605
1021,9.579043580533751,-9.500211897108734,19.079255477642484,-89.25933612801705
1031,9.526656554243749,-9.437157794925163,18.963814349168914,-89.15448947982863
1042,9.619841799833152,-9.541010134992884,19.160851934826034,-89.26247749357509
1051,9.552748340621978,-9.47391664509232,19.026664985714298,-89.25729723586466
1062,9.523958200441207,-9.4481672348003,18.97212543524151,-89.28378655553469
1071,9.534076746779371,-9.433910665977873,18.967987412757246,-89.0544498946707
1081,9.52415128769289,-9.439218594234104,18.963369881926994,-89.1974148477494
1091,9.565247667429588,-9.463556301280876,19.028803968710463,-89.0431797197946
1101,9.591560037499402,-9.491394011037821,19.082954048537225,-89.06011719195862
1112,9.619852216748724,-9.534919578282768,19.154771795031493,-89.20539969952684
1121,9.583923046122967,-9.502040889486755,19.085963935609723,-89.23106706285165
1132,9.524251657730346,-9.434752896770995,18.95900455450134,-89.15427597087863
1141,9.521564407404693,-9.445773440771136,18.96733784817583,-89.28360648469537
1152,9.600727534225982,-9.520370625949907,19.12109816017589,-89.24671107277393
1161,9.550129506665915,-9.485005292620976,19.03513479928689,-89.38627227411382
1171,9.536317510781906,-9.442252634680083,18.978570145461987,-89.11225283348709
1181,9.550608123783318,-9.459584107238618,19.010192231021936,-89.14223666358767
1191,9.584125922030442,-9.491576651213418,19.07570257324386,-89.13091350830588
1201,9.581683203473698,-9.49218448136071,19.073867684834408,-89.1593455117313
1211,9.58866226638796,-9.512871327297287,19.101533593685247,-89.2886197961032
1221,9.576802405476448,-9.49492024518352,19.071722650659968,-89.23049530371961
1232,9.564526687393908,-9.494836595751593,19.0593632831455,-89.34423223931458
1242,9.52652473886981,-9.443117305480579,18.969642044350387,-89.21202440440821
1251,9.562586835071706,-9.47156282704085,19.034149662112554,-89.14331123323959
1262,9.540929079153706,-9.454480860392849,18.995409939546555,-89.18453018317926
1271,9.543524191211421,-9.44793402958033,18.99145822079175,-89.09853903291608
1282,9.536244411040146,-9.445220384244124,18.981464795284268,-89.14094458378626
1292,9.538538678150463,-9.452090457926474,18.990629136076937,-89.18432580894375
1302,9.628953148069451,-9.577536095669688,19.20648924373914,-89.51941455682474
1311,9.557859315952099,-9.466835304564993,19.024694620517092,-89.14288746527512
1322,9.610381326335263,-9.523933149609643,19.134314475944905,-89.19042380930449
1331,9.567126581527742,-9.486769656960874,19.053896238488615,-89.24406527399962
1342,9.597789321014893,-9.541806486798745,19.139595807813638,-89.47504004193743
1351,9.526844091635668,-9.434294778008717,18.961138869644387,-89.12568756806478
1361,9.552985257830398,-9.46501177781316,19.01799703564356,-89.17118963466824
1371,9.562176502729066,-9.490961202764804,19.05313770549387,-89.32971567770639
1381,9.552926820359437,-9.46495334030466,19.0178801606641,-89.17118456428916
1391,9.548138462940486,-9.460164979807386,19.008303442747874,-89.17076888728522
1402,9.550337253473256,-9.471505556828678,19.021842810301933,-89.25710972191776
1412,9.583992836707116,-9.49754464411777,19.081537480824885,-89.18819457969103
1421,9.584205883707023,-9.490141045125679,19.074346928832703,-89.11668889681171
1432,9.583988542428566,-9.499055883547133,19.0830444259757,-89.20242608121983
1441,9.593245121336745,-9.522029831877603,19.115274953214346,-89.3318865545229
1452,9.569580405377653,-9.486172995596228,19.05575340097388,-89.21556990355504
1461,9.528957655237452,-9.442509429137987,18.97146708437544,-89.18350562249843
1472,9.569631348957122,-9.483183147679005,19.052814496636127,-89.18697619257001
1481,9.555455476199485,-9.461390615159928,19.01684609135941,-89.11403098317535
1491,9.555681550107842,-9.452474562590016,19.008156112697858,-89.02794700431394
1501,9.557535725902907,-9.47717879665454,19.034714522557447,-89.24330665981687
1512,9.572068702996722,-9.484095235201691,19.056163938198413,-89.17284211519774
1521,9.586296427783454,-9.507464747679666,19.093761175463122,-89.2598965343093
1532,9.569440009799255,-9.498224712300143,19.067664722099398,-89.33022446785218
1541,9.576891947317227,-9.488918482599736,19.065810429916965,-89.17325872860117
1552,9.572393796850957,-9.470702437757534,19.04309623460849,-89.04389408619828
1561,9.564823896877417,-9.479891226992185,19.0447151238696,-89.20082791151374
1572,9.601188869236017,-9.496456608822669,19.097645478058688,-89.01825663825825
1581,9.545814886684948,-9.454790866724478,19.000605753409424,-89.1418059229423
1592,9.564530698802779,-9.496356094885975,19.060886793688752,-89.35849289988893
1601,9.540815807961948,-9.45893362906313,18.99974943702508,-89.22759266615924
1611,9.545589391694577,-9.468282924142622,19.013872315837197,-89.2711207454901
1621,9.56707170698951,-9.488240018065788,19.055311725055297,-89.25840923738957
1632,9.584186815463788,-9.490121976867616,19.074308792331404,-89.11668713927862
1641,9.579245937882483,-9.492797742425564,19.07204368030805,-89.18779227075126
1652,9.579263962187868,-9.489765238452604,19.069029200640472,-89.15913318935894
1662,9.581148871937078,-9.517549856280517,19.098698728217595,-89.40258611095632
1671,9.519256785780833,-9.438899837706538,18.95815662348737,-89.24026365824174
1682,9.531126456411373,-9.455335493738499,18.986461950149874,-89.28432523985974
1692,9.547948223880189,-9.469116526130062,19.01706475001025,-89.256923830005
1702,9.548070537439084,-9.463137857880213,19.011208395319297,-89.1994255666288
1712,9.521470507365697,-9.45025519348171,18.971725700847408,-89.32684996035007
1722,9.562155198583984,-9.490939898612483,19.05309509719647,-89.3297141842684
1731,9.588742635228819,-9.511436186403586,19.100178821632404,-89.27440117448673
1741,9.564844336086393,-9.479911666212933,19.044756002299327,-89.20082961938311
1752,9.617718204440228,-9.522128103427082,19.13984630786731,-89.10549374515763
1762,9.571716647939702,-9.502026558582466,19.073743206522167,-89.34472485209837
1772,9.531123906435132,-9.455332943761205,18.986456850196337,-89.28432504837672
1782,9.550369225899644,-9.470012293143945,19.02038151904359,-89.24273881177284
1791,9.550593891008893,-9.461095147954294,19.011689038963187,-89.15660879660092
1802,9.526520178904919,-9.443112745513169,18.969632924418086,-89.21202402721197
1812,9.533717342115674,-9.448784654228453,18.982501996344126,-89.19822020775858
1822,9.566875334185353,-9.506326684399038,19.07320201858439,-89.43039098029259
1831,9.586246175808297,-9.513505672481694,19.09975184828999,-89.31707936773883
1842,9.62924111304127,-9.553450190329032,19.1826913033703,-89.29161779583409
1852,9.58445225666614,-9.482760909442124,19.067213166108264,-89.04509710048418
1861,9.5839300012026,-9.502047844569955,19.085977845772554,-89.23106762090151
1872,9.523788928528333,-9.45713951210031,18.980928440628645,-89.3701616527269
1882,9.600755291121624,-9.515822641813182,19.116577932934806,-89.20381905319172
1892,9.56953182765778,-9.487649663622713,19.057181491280495,-89.22991062719944
1902,9.548047042007992,-9.464639620459558,19.01268666246755,-89.21380069596093
1911,9.55266807549293,-9.47687712169924,19.02954519719217,-89.28593919651289
1922,9.540608414303202,-9.469393106985763,19.010001521288963,-89.32820032221838
1932,9.574240165886977,-9.49844922092503,19.07268938681201,-89.2875481575155
1941,9.608130836214778,-9.520157391317595,19.128288227532373,-89.17594689584122
1952,9.634111976649018,-9.55375508439023,19.18786706103925,-89.24932154402813
1961,9.583891143156526,-9.502008986503949,19.085900129660473,-89.23106450306521
1971,9.536112605647721,-9.451179919152953,18.987292524800672,-89.19842161049964
1982,9.509349892571294,-9.447276047033606,18.956625939604898,-89.41251019664801
1991,9.543525538995693,-9.447935377365715,18.991460916361408,-89.09853916023539
2002,9.574233932711175,-9.496927477618016,19.07116141032919,-89.27330155004745
2011,9.617901483965785,-9.523836671449613,19.141738155415396,-89.11978375526418
2022,9.531191504459425,-9.452359798931552,18.983551303390975,-89.25561735967753
2031,9.562431515165487,-9.477498843901973,19.039930359067462,-89.20062795727284
2042,9.615088012062033,-9.53168062688885,19.14676863895088,-89.21928279219395
2051,9.614895644415428,-9.543680362216767,19.158576006632195,-89.33339105956888
2062,9.58878335213182,-9.502335162432077,19.091118514563895,-89.18860018135179
2071,9.543465488317542,-9.450916187192126,18.99438167550967,-89.12721043404161
2081,9.602991037781349,-9.52415936529379,19.12715040307514,-89.26118326092707
2092,9.51680386031475,-9.439497380129161,18.956301240443914,-89.26891598074053
2101,9.550335688942953,-9.471503992297652,19.021839681240607,-89.2571096002111
2112,9.526303426867136,-9.453562901795918,18.979866328663054,-89.31278199286136
2122,9.612656098691156,-9.53229919615737,19.144955294848526,-89.24764589996873
2131,9.557720739063912,-9.469747262086399,19.02746800115031,-89.17160030679536
2142,9.610379461114242,-9.525446817278105,19.135826278392347,-89.20461642787558
2151,9.607753284334219,-9.530446843678858,19.138200128013075,-89.27583697737877
2162,9.586223840414116,-9.507392160277128,19.09361600069124,-89.25989092989691
2171,9.571895920379957,-9.496104974461153,19.06800089484111,-89.28737366249783
2182,9.620344346412542,-9.52017834679592,19.14052269320846,-89.06292959577297
2192,9.53141698969748,-9.44191823362309,18.973335223320568,-89.1549117979623
2201,9.562562134008825,-9.471538125960448,19.03410025996927,-89.14330902016114
2212,9.598376740593446,-9.510403289528305,19.10878003012175,-89.17510941591014
2221,9.526921878195049,-9.426755790561,18.95367766875605,-89.05373970708236
2232,9.562225281697934,-9.489484769706696,19.05171005140463,-89.31536374783579
2241,9.548241639004733,-9.457217620774264,19.005459259778995,-89.14202405526929
2251,9.633691957021215,-9.588375516876596,19.22206747389781,-89.57664417429879
2261,9.54627610884096,-9.440018454057666,18.986294562898628,-88.99822833307327
2271,9.601042400365122,-9.502401689910824,19.103444090275946,-89.07534374178483
2282,9.517393298440604,-9.415701884635478,18.933095183076084,-89.03836828473182
2292,9.564860013440917,-9.478411809267454,19.04327182270837,-89.18657059646682
2301,9.59127705106,-9.500253063291108,19.09153011435111,-89.14587402119773
2311,9.572300423640518,-9.475184989602175,19.047485413242693,-89.08690819587474
2322,9.612735987886914,-9.526287812570478,19.139023800457394,-89.19062213002799
2332,9.57478744594493,-9.476146711974115,19.050934157919045,-89.07280802759406
2341,9.545812709690592,-9.45478868972857,19.00060139941916,-89.14180572721004
2352,9.567645370418049,-9.464438395275803,19.03208376569385,-89.02916262014462
2361,9.60545769276261,-9.522050302410998,19.12750799517361,-89.21850000575182
2372,9.557755674619395,-9.468256936407062,19.02601261102646,-89.15724080910546
2381,9.538469705135565,-9.455062278327924,18.99353198346349,-89.21301124344441
2392,9.559770066367877,-9.488554765585658,19.048324831953536,-89.32954694245748
2401,9.550673524547403,-9.45812422882312,19.008797753370523,-89.12786919228503
2412,9.576622228189718,-9.49931577413029,19.075938002320008,-89.27348278969716
2422,9.562756119329231,-9.464115374517194,19.026871493846425,-89.07164138431399
2431,9.541038623352712,-9.450014599983447,18.99105322333616,-89.14137627708763
2442,9.59354247800795,-9.508609824587499,19.10215230259545,-89.20322041358929
2451,9.536594948704478,-9.431862618623938,18.968457567328414,-89.01160636915496
2461,9.538908761377485,-9.438742685181627,18.97765144655911,-89.0549289144972
2471,9.617524424524838,-9.532591784740708,19.150116209265548,-89.20520736489324
2482,9.567177312980272,-9.483769901889604,19.050947214869876,-89.21537285736562
2491,9.542205843818069,-9.410045523408321,18.95225136722639,-88.75349274250009
2502,9.531794124925673,-9.428587112558713,18.960381237484384,-89.02551072848536
2511,9.5679117115855,-9.4555623869821,19.0234740985676,-88.94319267159808
2522,9.569801548861427,-9.478777545942997,19.048579094804424,-89.14395714259786
2531,9.5889158379094,-9.503983181846422,19.092899019755823,-89.20283594361648
2542,9.57940898914324,-9.483818857006627,19.063227846149864,-89.10191621403311
2551,9.560404137965005,-9.461763391028851,19.022167528993855,-89.07141297625694
2561,9.581871825129912,-9.486281695005413,19.068153520135326,-89.10214706810814
2572,9.57205492804997,-9.488647519615673,19.060702447665644,-89.21577270340467
2581,9.562482080539295,-9.476033874921235,19.038515955460532,-89.1863683047878
2592,9.567495449290266,-9.47038001112148,19.037875460411747,-89.08644958531553
2601,9.562404670975317,-9.478997257281508,19.041401928256825,-89.21498122169754
2612,9.565032696022753,-9.470967842486886,19.03600053850964,-89.11491815163913
2621,9.567524972635033,-9.46888423212502,19.036409204760055,-89.07210415741868
2632,9.576758680452551,-9.494876520137145,19.071635200589697,-89.23049179014728
2641,9.550665617135595,-9.458116321405393,19.008781938540988,-89.12786847015421
2652,9.567412858065323,-9.473348006390802,19.040760864456125,-89.11513835805987
2661,9.557859315952099,-9.466835304564993,19.024694620517092,-89.14288746527512
2672,9.593764578882523,-9.502740592861842,19.096505171744365,-89.1460955004156
2681,9.598863693869998,-9.492606098250464,19.091469792120463,-89.00371711582224
2691,9.565314337644011,-9.462107360094148,19.02742169773816,-89.02892600790624
2702,9.553189619968366,-9.454548866506865,19.007738486475233,-89.07071165079999
2711,9.541206937510067,-9.442566173177804,18.98377311068787,-89.0695444666437
2722,9.545927773088415,-9.45033761344328,18.996265386531697,-89.09876603169826
2731,9.535803590869326,-9.467628978357062,19.00343256922639,-89.35656024501398
2742,9.567680235125666,-9.465988871380375,19.03366910650604,-89.04342301245858
2751,9.588859725551073,-9.499361008243238,19.08822073379431,-89.1599747218909
2762,9.562331175982136,-9.481974249076291,19.044305425058425,-89.24368615890536
2771,9.584237007033188,-9.487121583228873,19.07135859026206,-89.08804549219991
2782,9.572289152109306,-9.476699014147119,19.048988166256425,-89.1012481675085
2791,9.539087085215407,-9.432829422267961,18.971916507483368,-88.99747328231314
2802,9.624507394439098,-9.545675731709094,19.170183126148192,-89.26283503612875
2811,9.53370967797487,-9.448776990083193,18.982486668058062,-89.19821956316645
2822,9.549968487933576,-9.492460473991006,19.042428961924582,-89.45803787087142
2831,9.612419090316351,-9.539678596356792,19.152097686673144,-89.3189389273554
2842,9.56472829586557,-9.488937347016773,19.053665642882343,-89.2868396063754
2851,9.608030370069372,-9.524622981102667,19.13265335117204,-89.21870927569213
2862,9.524113066001526,-9.440705631280476,18.964818697282002,-89.21182486254901
2871,9.564758219712736,-9.487451760510554,19.05220998022329,-89.27258157829259
2882,9.586881944778453,-9.482149669055856,19.06903161383431,-89.01679139585445
2891,9.613204079207824,-9.50694649955369,19.120150578761514,-89.00520345869323
2901,9.562621634066751,-9.471597626060582,19.034219260127333,-89.14331435101744
2911,9.564545640521715,-9.493330341362126,19.05787598188384,-89.32988171469343
2922,9.497588541661168,-9.424848006027274,18.92243654768844,-89.31070416681735
2931,9.586981136157712,-9.480723527254801,19.067704663412513,-89.00248215100851
2942,9.579451696529906,-9.48233626862742,19.06178796515733,-89.0875898967798
2951,9.579583280991034,-9.48094255133028,19.060525832321314,-89.0732722490044
2961,9.589020680283507,-9.494955845443478,19.083976525726985,-89.11713245618401
2972,9.552930570342664,-9.464957090290294,19.017887660632958,-89.17118488966165
2981,9.60292611778308,-9.527135184473256,19.130061302256337,-89.28967650961592
2992,9.605721258754986,-9.513172003878898,19.118893262633883,-89.13286751567392
3001,9.572295258752872,-9.475179824710091,19.047475083462963,-89.08690770315948
3012,9.540849979905156,-9.457442554406073,18.99829253431123,-89.213207595683
3021,9.528567267632807,-9.461917852550798,18.990485120183607,-89.3704775136807
3032,9.511998930773029,-9.436207960165412,18.94820689093844,-89.2828860259206
3041,9.550532475528065,-9.464084262634254,19.014616738162317,-89.18535022205525
3052,9.624921354498012,-9.532372113704747,19.15729346820276,-89.13459743050251
3061,9.62937248711865,-9.54901559259608,19.17838807971473,-89.24895204576353
3072,9.555204203387351,-9.47179678575881,19.02700098914616,-89.21438962194993
3081,9.593805416496002,-9.499740585368349,19.09354600186435,-89.11757280516318
3092,9.603510389654456,-9.504869681400818,19.108380071055272,-89.07558138819832
3101,9.581910381321798,-9.4832696537501,19.065180035071897,-89.07349733736206
3112,9.531338694729245,-9.446406005458194,18.977744700187436,-89.19802010197984
3122,9.526539506605294,-9.441606814539053,18.968146321144346,-89.19761606188042
3131,9.533651500446304,-9.451769317818203,18.985420818264508,-89.22701218560547
3142,9.548136898049895,-9.46016341491579,19.008300312965687,-89.17076875136902
3151,9.586317199105242,-9.502909798414995,19.089226997520235,-89.216939528892
3162,9.622146074412811,-9.541789176432154,19.163935250844965,-89.24838796227687
3171,9.615203766731383,-9.528755592890718,19.1439593596221,-89.1908298737693
3181,9.581416217023826,-9.504109765037054,19.08552598206088,-89.27384631653435
3192,9.612898663961635,-9.520349414359885,19.13324807832152,-89.1335150036082
3201,9.598490732184036,-9.505941471982602,19.10443220416664,-89.13221425633093
3211,9.581396877093608,-9.504090425098482,19.085487302192092,-89.2738448507237
3222,9.545678397483218,-9.46074571653893,19.00642411402215,-89.19922493020493
3231,9.545882738741067,-9.451817870178747,18.997700608919814,-89.11314245080227
3242,9.5437223733049,-9.440515373369749,18.98423774667465,-89.02672881389077
3251,9.560549478224003,-9.455817174144213,19.016366652368216,-89.01408309337761
3262,9.598498277553091,-9.50747429485546,19.10597257240855,-89.14651665230332
3271,9.586544817233866,-9.495520826135442,19.082065643369308,-89.14545236526396
3282,9.557568487962632,-9.47568631775148,19.03325480571411,-89.22894663760086
3292,9.586855380263707,-9.48212310451262,19.068978484776327,-89.0167886711838
3302,9.569667813175982,-9.481694343847296,19.051362157023277,-89.17263457894741
3311,9.543684250293936,-9.441992862759749,18.985677113053683,-89.04101763658046
3321,9.536471920040208,-9.436305841522547,18.972777761562753,-89.05468739989206
3331,9.53639197621862,-9.439276511161511,18.975668487380133,-89.08346973604522
3341,9.562572232055933,-9.471548224014718,19.034120456070653,-89.14330992489162
3351,9.560061397220323,-9.473613190130585,19.03367458735091,-89.1861622729391
3361,9.58174953708371,-9.489200264505932,19.07094980158964,-89.1306979482439
3372,9.569712818048636,-9.480214087896618,19.049926905945256,-89.15829389378436
3381,9.564912623434775,-9.47846441929326,19.043377042728036,-89.1865750708821
3392,9.566938211793726,-9.495722913446166,19.06266112523989,-89.330049310512
3401,9.538640142689106,-9.44914139152796,18.987781534217063,-89.15555178893327
3411,9.536141243035893,-9.449693021343359,18.98583426437925,-89.18412073038348
3422,9.567185825301163,-9.483778414215132,19.050964239516297,-89.21537355552448
3431,9.550575938757632,-9.461077195690882,19.011653134448515,-89.15660721116099
3441,9.5554163438497,-9.462867051672644,19.018283395522346,-89.12830210676313
3452,9.571906380522485,-9.491549458283485,19.06345583880597,-89.24444277722708
3461,9.562390904845055,-9.478983491143733,19.04137439598879,-89.21498009150457
3471,9.579439887286352,-9.485375044996058,19.06481493228241,-89.11624939393772
3482,9.586358215104609,-9.502950814436584,19.08930902954119,-89.21694287948739
3491,9.603287983854559,-9.51531453589737,19.118602519751928,-89.17553130454293
3502,9.562388702027793,-9.48050653430787,19.04289523633566,-89.22933533404364
3511,9.567108766382272,-9.486751841806722,19.053860608188995,-89.24406386627354
3522,9.593702648536476,-9.501153384801949,19.094856033338424,-89.13178112338325
3531,9.591106182089776,-9.50769878399208,19.098804966081858,-89.2173305470426
3541,9.545781503863513,-9.457808019213479,19.00358952307699,-89.17056412664604
3552,9.555459616328882,-9.461394755292575,19.016854371621456,-89.11403136707304
3561,9.583733361166944,-9.50946764082551,19.093201001992455,-89.3025771295128
3571,9.579132001677685,-9.49877508295111,19.077907084628794,-89.24501273349973
3582,9.586153264491358,-9.516463179706777,19.102616444198134,-89.34571173049724
3591,9.583727306657698,-9.512512013991184,19.096239320648884,-89.33122300594533
3601,9.543214896977473,-9.462857960712514,19.006072857689986,-89.24217107736546
3611,9.56952322585193,-9.492216768717558,19.061739994569486,-89.27294380525692
3621,9.591468981828756,-9.497404148889006,19.08887313071776,-89.11735783323532
3632,9.589124516332605,-9.488958487588494,19.0780830039211,-89.05987845171732
3641,9.598671529767639,-9.498505509960882,19.09717703972852,-89.06081359752226
3652,9.576721800118385,-9.494839639784017,19.071561439902403,-89.23048882656255
3661,9.552853624761536,-9.469446205846582,19.02229983060812,-89.21419630225589
3672,9.557416860454751,-9.483151129999264,19.040567990454015,-89.30065666920426
3681,9.562212448986699,-9.487946720380494,19.05015916936719,-89.30100741745528
3691,9.57686770208973,-9.48889423735678,19.06576193944651,-89.17325663544064
3702,9.538453861456299,-9.458096922851635,18.996550784307935,-89.2417927916343
3711,9.557484671694906,-9.480178209330345,19.037662881025252,-89.27202796009541
3721,9.584326874869117,-9.485686149465112,19.07001302433423,-89.07373095656426
3732,9.586725312403612,-9.486559281409308,19.07328459381292,-89.0596431528268
3741,9.620282391959528,-9.517075470718494,19.137357862678023,-89.03447502544661
3751,9.562274363060986,-9.484967902779688,19.047242265840673,-89.27239261694959
3761,9.526571787795923,-9.44012356023059,18.966695348026512,-89.18330112298665
3772,9.548138462940486,-9.460164979807386,19.008303442747874,-89.17076888728522
3781,9.58140362208649,-9.50561268004412,19.08701630213061,-89.28808084359481
3791,9.591316796225527,-9.49876753072852,19.09008432695405,-89.13156513628988
3802,9.531816450341129,-9.428609437997478,18.960425888338605,-89.0255130111537
3811,9.533654884172128,-9.451772701545789,18.985427585717915,-89.22701245997428
3822,9.560169097133086,-9.469145087386407,19.029314184519492,-89.14309456308071
3831,9.577180437824685,-9.477014397861563,19.054194835686246,-89.05870588371951
3841,9.60831701361047,-9.505110080194456,19.113427093804926,-89.03327252896801
3852,9.557844460171506,-9.463779601005815,19.02162406117732,-89.11425244884553
3861,9.53819810591575,-9.468508005861663,19.00670611177741,-89.3424220240322
3871,9.548033927074657,-9.464626505519032,19.01266043259369,-89.21379961599003
3882,9.571808225727846,-9.496017279773234,19.06782550550108,-89.2873671332465
3891,9.60596953619349,-9.501237280880494,19.107206817073983,-89.01874527681412
3901,9.572510544392015,-9.46930357426912,19.041814118661136,-89.02965608990608
3912,9.591326886367654,-9.498777620878103,19.090104507245755,-89.13156604995933
3921,9.401911519556542,-9.333736865937382,18.735648385493924,-89.34739666365061
3931,9.622968841393375,-9.512144947947778,19.135113789341155,-88.96350590192085
3941,9.522012138567613,-9.426421959095192,18.948434097662805,-89.09650229097356
3952,9.559594641692389,-9.497520807559015,19.057115449251405,-89.41559812090374
3961,9.531037918450933,-9.461347816097156,18.992385734548087,-89.34192799719138
3971,9.538195180336274,-9.468505080281247,19.00670026061752,-89.34242182232936
3982,9.552743793174821,-9.47391209764306,19.02665589081788,-89.25729688229181
3991,9.586527477166543,-9.497028758298297,19.08355623546484,-89.15977034256383
4001,9.579288467544183,-9.489789743825359,19.069078211369543,-89.15913534058555
4012,9.593780167074913,-9.498190046657557,19.09197021373247,-89.10326162495497
4021,9.576750096483723,-9.493342690602605,19.070092787086327,-89.21615720848173
4032,9.58951084906221,-9.480202550293619,19.069713399355827,-88.97411379537307
4041,9.577978238671358,-9.450394350387704,19.02837258905906,-88.80115096741734
4051,9.55549019639029,-9.459900044631254,19.015390241021542,-89.09966799384472
4062,9.548048113003128,-9.464640691455282,19.01268880445841,-89.21380078415366
4071,9.56212470006642,-9.492434607659568,19.054559307725988,-89.34406750451885
4081,9.581241462288917,-9.523733453935591,19.104974916224506,-89.45980687657539
4092,9.604917428579485,-9.577873433269536,19.18279086184902,-89.74659234751428
4101,9.564498832565809,9.423962955801766,0.14053587676404256,88.67758581707403
4111,9.590336833530703,9.437606376455626,0.1527304570750765,88.56670924333986
4122,9.514729756991622,-9.480069848404225,18.994799605395848,-89.6721513009265
4132,9.592060999016487,-9.327299417798823,18.91936041681531,-87.51580579897968
4141,9.567956945652936,-9.19031463671289,18.758271582365825,-86.4477465777011
4152,9.619073369246065,-9.113134401101142,18.73220777034721,-85.26622727729416
4161,9.522460023193563,-9.23177235561411,18.75423237880767,-87.25261224321982
4171,9.772852871821772,-9.694021274621072,19.466874146442844,-89.27402531879716
4182,8.707102815148028,-8.395039382757437,17.102142197905465,-86.77439103322732
4191,10.006861907329093,9.701704720735602,0.30515718659349034,87.25546859267646
4202,9.67954341643318,9.578619671918238,0.10092374451494202,89.061615138693
4211,9.657292279420052,9.623399798424286,0.033892480995765695,89.68414300806457
4222,9.622018065371247,9.438812963424914,0.18320510194633322,88.28638243420988
4232,9.621049700670401,9.445463680224623,0.17558602044577754,88.35748256876599
4241,9.690469698439395,9.578878357280697,0.1115913411586984,88.96359815191411
4252,9.392722379315451,-9.181320114214163,18.574042493529614,-87.97436748465863
4261,9.652392600768888,-9.572035717210492,19.22442831797938,-89.2507433317953
4272,9.554102040850825,-9.487452632927523,19.04155467377835,-89.3721600745471
4281,9.678288500503776,-9.556796755750034,19.23508525625381,-88.87022824053368
4292,9.662512583183577,-9.490736196489872,19.153248779673447,-88.4000150406697
4302,9.734337270122719,-9.503118456831308,19.237455726954025,-87.86223832000383
4311,9.80552784650467,-9.603275157467445,19.408803003972118,-88.14362446384374
4321,9.826366981361243,-9.738393669697635,19.564760651058876,-89.19424970950679
4332,10.29895265224993,10.158418491958985,0.14053416029094556,88.77190673136828
4341,10.571642515016768,10.502710431776883,0.06893208323988453,89.41315765428342
4351,10.632874629472905,-10.540326024267353,21.17320065374026,-89.21663945463894
4362,10.608396337475904,-10.521948676566465,21.13034501404237,-89.26659136458125
4372,10.842814523324398,10.600175667458261,0.24263885586613654,87.98599367526053
4381,11.356655504350096,10.915762847422982,0.44089265692711344,86.50598372837489
4391,12.229638848260734,11.619302051006231,0.6103367972545026,85.50842731870881
4402,13.002154731184879,12.248215777182944,0.753938954001935,84.78128762016428
4411,13.451169016573951,12.573347716810686,0.8778212997632657,84.12661331655644
4422,13.613095899038454,12.55903117183394,1.0540647272045138,83.03128207191232
4431,13.403072621122698,12.365808659639333,1.0372639614833652,83.0348988495085
4441,12.768676501189514,11.860027682444082,0.9086488187454318,83.59538996234492
4452,11.561482433787695,11.068699601066822,0.49278283272087364,86.16394738314291
4461,10.815479641792969,10.786152845886276,0.029326795906692738,89.75595981694578
4472,10.191705016870694,-9.699585964727866,19.89129098159856,-85.65423895025037
4481,9.731865663695975,-8.760970165936959,18.492835829632934,-81.02118773337794
4492,9.363009128545952,-7.992544724037984,17.355553852583938,-76.82669271039451
4501,9.057740427895787,-7.459583926537437,16.517324354433224,-74.12031275711158
4512,8.778809810170012,-7.164984195364133,15.943794005534144,-73.45512564080526
4521,8.4970303096158,-6.972261731536809,15.46929204115261,-73.84974902680862
4531,8.192389156125767,-6.893705551829723,15.086094707955489,-75.73291354216894
4542,7.763794918583555,-6.820082968603006,14.58387788718656,-79.06023711484835
4552,7.298506491569484,-6.805937053473191,14.104443545042676,-83.92598342142006
4561,6.795244673304604,6.7186939879556125,0.0765506853489919,88.98612014539003
4572,6.659776406939,6.517701313066734,0.1420750938722657,88.08000183982438
4582,6.659776406939,6.517701313066734,0.1420750938722657,88.08000183982438
4591,6.659776406939,6.517701313066734,0.1420750938722657,88.08000183982438
4602,6.443399260939304,-6.070049158039562,12.513448418978866,-84.78512693374856
4611,6.690546246625482,-6.153295952026122,12.843842198651604,-82.77300765414633
4622,6.935806212880743,-6.3172245133456935,13.253030726226436,-81.97319659035985
4631,7.105979809254341,-6.487494579698338,13.593474388952679,-82.166643847264
4642,7.293853533011005,-6.755294958473304,14.04914849148431,-83.35464148148533
4651,7.490861067651732,-7.028955072150939,14.519816139802671,-84.4503656896545
4662,7.632659475716721,-7.2472392120664795,14.8798986877832,-85.45534242174946
4671,7.709354069137032,-7.420135528804886,15.12948959794192,-86.62362522249457
4682,7.721988960471778,-7.48768488023186,15.209673840703637,-87.26917930995018
4691,7.553937119282112,-7.438532877806684,14.992469997088795,-88.62503730587373
4702,7.598423967874469,-7.40681286113436,15.00523682900883,-87.73045046189574
4711,7.461852043216846,-7.207718224890324,14.669570268107169,-86.93480338166466
4722,7.565033977726685,-7.295649291134241,14.860683268860926,-86.79517344341056
4731,7.5607486419775904,-7.314244107378685,14.874992749356275,-87.06571277998488
4742,7.857296976309834,-7.525347828651686,15.382644804961519,-86.19774798135933
4751,7.92499962102301,-7.35597885459621,15.28097847561922,-83.53793420474622
4762,7.793264165739284,-6.888355669175347,14.681619834914631,-79.54972358709611
4772,7.680261132380438,-6.491433887811448,14.171695020191887,-76.06890440741472
4781,7.040892722511955,-5.72456825953519,12.765460982047145,-73.17412204149548
4791,6.352446307535708,-4.923335898080559,11.275782205616267,-69.75269201435272
4802,5.167417197670641,-3.802125911136534,8.969543108807175,-66.22096086155777
4811,4.711919888770133,-3.4806939623936435,8.192613851163777,-66.48297594405688
4822,3.9533656019477603,-2.8995546590789623,6.852920261026723,-66.00955883982392
4831,2.745308078087305,-2.258028465438686,5.003336543525991,-74.02541212462748
4842,22.34855970668314,-20.02778594645849,42.37634565314163,-80.65400002677767
4851,1.8740672480655918,-1.3132378017954769,3.1873050498610684,-63.06678817613926
4862,2.333948170180468,-1.7314776073672455,4.065425777547714,-66.76797139458441
4871,2.3023946529185952,-1.7143564720678381,4.016751124986433,-67.01374253563326
4881,7.107685581143147,4.957055823199146,2.1506297579440012,62.767974046506716
4892,1.4719426464841143,0.61276691499562,0.8591757314884944,37.46682826354334
4901,0.6549982729317604,0.24384635605086022,0.41115191688090014,33.505694520913394
4912,1.246638528991934,-1.1921387592905677,2.438777288282502,-86.06543584282666
4921,6.901171932149665,-5.410745695707681,12.311917627857346,-70.5629590744024
4931,0.4346979225602493,-0.3736564930998873,0.8083544156601365,-77.36196248862646
4942,13.850596576185685,-12.061005230443534,25.91160180662922,-78.37138745390065
4951,4.310869518520985,-4.097772110726348,8.408641629247333,-85.55106768620142
4962,14.123485390138294,13.068070406935858,1.0554149832024358,83.27451079784144
4971,4.119274523675001,3.58665145956502,0.532623064109981,78.362981031152
4981,1.9736414109096447,1.7481254719689505,0.22551593894069422,79.71625017975889
4992,1.5275799444979645,1.42647869332766,0.10110125117030444,84.04344588438688
5001,15.762279849064157,-14.484188561466974,30.24646841053113,-82.70231102446922
5012,1.9226877128611577,1.891842349806429,0.030845363054728736,88.55614478817546
5022,30.666336319010433,29.551801810917745,1.1145345080926887,86.72904827349201
5031,0.29469646006744044,0.21417521045883714,0.0805212496086033,65.4088920405903
5041,76.09214528768881,-74.29764754957696,150.38979283726576,-87.87751027626506
5052,0.4410844663891226,-0.3940233334322746,0.8351077998213972,-80.3975263495682
5061,8.059075142926913,5.688769452175212,2.3703056907517013,63.529529333787
5072,27.163895987598504,-26.967765178318245,54.13166116591675,-89.35017521627671
5081,7.5729737249492395,-5.652315214410111,13.22528893935935,-67.1741891327267
5092,5.614591473497275,-5.332864496837931,10.947455970335206,-85.48401196791842
5101,9.0598284997918,-8.43442760579216,17.49425610558396,-83.787290735
5112,11.147917639293695,11.0058596480826,0.14205799121109486,88.85312938051015
5121,9.27592511410252,-8.973034623471692,18.24895973757421,-87.06119402415939
5131,9.77016044242106,-9.740075921942477,19.510236364363536,-89.72286976667074
5142,9.574323385677344,-9.493966464614154,19.0682898502915,-89.2446335261136
5151,9.467539366593767,-9.36584790237024,18.833387268964007,-89.0333040692272
5162,9.420366242116248,-9.234876087777883,18.65524232989413,-88.22786997220793
5172,9.515062917670885,-9.41337150152664,18.928434419197526,-89.03813274466268
5181,9.504454334432824,-9.449996653700008,18.954450988132834,-89.48432691730683
5192,9.4835891481697,-9.325523548394271,18.80911269656397,-88.49994514128291
5201,9.547656877585014,-9.484057853828944,19.031714731413956,-89.40049038089289
5211,9.556618157654144,-9.422932399169914,18.97955055682406,-88.74100669660594
5222,9.570211987130874,-9.474621847466665,19.04483383459754,-89.10105308206887
5231,9.522489771959538,-9.411665750260472,18.93415552222001,-88.95256784813921
5242,9.5604754640096,-9.458784093140533,19.019259557150136,-89.0427020692988
5252,9.561916096414887,-9.513549348866302,19.07546544528119,-89.544755754445
5261,9.55603555462335,-9.440635468847438,18.99667102347079,-88.9131468106764
5272,9.536994029599255,-9.418552856219163,18.955546885818418,-88.88227825548339
5281,9.496964271766629,-9.479061257468755,18.976025529235386,-89.83033828066525
5292,9.532803744860344,-9.396076681742933,18.92888042660328,-88.7091483250978
5301,9.564754166156865,-9.482871999658107,19.04762616581497,-89.22952593899763
5311,9.549499012551339,-9.4188641697854,18.968363182336738,-88.76882171164355
5321,9.59527234080604,-9.452443408431852,19.047715749237895,-88.66031901366573
5331,9.55067180677573,-9.473365341442529,19.02403714821826,-89.2715086414076
5342,9.529096842792468,-9.436547530863722,18.96564437365619,-89.12589427822981
5351,9.572171781027482,-9.479622501339888,19.051794282367368,-89.1298280722048
5362,9.545544415369973,-9.477369805780967,19.02291422115094,-89.3572168756419
5371,9.574657918105174,-9.482108640265155,19.056766558370327,-89.13005403672425
5382,9.538043676501331,-9.477495020675876,19.015538697177206,-89.4286691056242
5391,9.587163262817738,-9.47176322191583,19.05892648473357,-88.91667603894345
5402,9.52802446288595,-9.391297388159463,18.919321851045414,-88.70850072086647
5411,9.533474636645504,-9.462259326884965,18.99573396353047,-89.32769760001126
5422,9.5701932187993,-9.462410250297024,19.032603469096323,-88.98638753226533
5431,9.565611597440265,-9.468496157650385,19.034107755090652,-89.08626965541565
5442,9.555129218020436,-9.477822754630226,19.032951972650665,-89.27184849661717
5451,9.567487760214226,-9.473422908598257,19.040910668812483,-89.11514528603405
5461,9.5507788782376,-9.455188722596116,19.005967600833714,-89.09922383112266
5472,9.563279761361667,-9.460072781708945,19.02335254307061,-89.02871939329081
5481,9.521444510361679,-9.453269893523826,18.974714403885507,-89.35558984682109
5492,9.56910169526767,-9.51159368475118,19.080695380018852,-89.45912154439284
5501,9.546043519326734,-9.445877449918592,18.991920969245328,-89.05563532907836
5512,9.50732649972884,-9.42544430332513,18.93277080305397,-89.22487171587677
5522,9.509255947279915,-9.456323432711647,18.96557937999156,-89.49902218033087
5531,9.565391496344612,-9.460659197496728,19.02605069384134,-89.01458221548887
5542,9.610806036954656,-9.515215930353387,19.12602196730804,-89.10485035687596
5551,9.603435923656976,-9.506320516233178,19.109756439890155,-89.08986879928975
5562,9.603759188619199,-9.494450907170341,19.09821009578954,-88.97563598407848
5571,9.543492069740186,-9.452468048122572,18.995960117862758,-89.14159702908327
5582,9.548017561301434,-9.473751827213286,19.02176938851472,-89.29996818449271
5591,9.5193926517551,-9.432944419772275,18.952337071527374,-89.18268516037946
5601,9.54376336581443,-9.439031043535175,18.982794409349605,-89.01234883516746
5612,9.531679943854243,-9.431513860765628,18.96319380461987,-89.05421210835054
5622,9.502494544463518,-9.426703569895325,18.929198114358844,-89.28216873167146
5631,9.564756260493585,-9.482874093995907,19.047630354489492,-89.22952610771382
5642,9.5675240045682,-9.468883264057316,19.036407268625517,-89.07210406352357
5651,9.624306592560284,-9.556132006282986,19.18043859884327,-89.36247742048245
5662,9.594017831434526,-9.492326493594296,19.086344325028822,-89.04604926044293
5671,9.583973693508735,-9.502091536898503,19.086065230407236,-89.23107112659207
5682,9.550548311343642,-9.462574829760356,19.013123141103996,-89.17097813817752
5691,9.522276477296108,-9.417544131580195,18.939820608876303,-89.01011999211467
5702,9.53583890938322,-9.46462360043298,19.0004625098162,-89.32786429527299
5712,9.492308223791609,-9.352530052438246,18.844838276229854,-88.6747127121018
5721,9.636347052107707,-9.566656983061872,19.203004035169577,-89.34911993308155
5732,9.583275004955839,-9.44197155897973,19.025246563935568,-88.67296825654348
5742,9.638720403484488,-9.569030335176759,19.207750738661247,-89.34928020679713
5751,9.579068711306697,-9.498711792549388,19.077780503856083,-89.24500774489474
5761,9.57218882396083,-9.479639544285906,19.05182836824674,-89.12982962163333
5772,9.59431474293693,-9.485006450016392,19.079321192953323,-88.97462751364388
5781,9.610541326310505,-9.522567882934691,19.133109209245198,-89.17615359686894
5792,9.564852914056452,-9.478404709878676,19.043257623935126,-89.18656999266912
5801,9.555602688962598,-9.455436628624836,19.011039317587432,-89.05658013169474
5812,9.540880810925504,-9.458998632060483,18.999879442985986,-89.22759792896554
5822,9.528991481460801,-9.441017985972142,18.970009467432945,-89.16910256354163
5831,9.414344346988802,-9.324845509696702,18.739189856685506,-89.14440187660382
5842,9.633608936184018,-9.582191884366885,19.215800820550903,-89.51964682247369
5851,9.601321044310104,-9.49353811220727,19.094859156517373,-88.98967404126084
5862,9.526383056476217,-9.44907658050754,18.975459636983757,-89.26965115763943
5871,9.58645489154668,-9.496956172629853,19.08341106417653,-89.15976398015316
5881,9.589235781448545,-9.486028828522658,19.075264609971203,-89.03134869399084
5892,9.57912324957104,-9.498766330840215,19.077889580411256,-89.24501204365461
5901,9.58439852342501,-9.481191565534672,19.06559008895968,-89.03085976783747
5911,9.51922344305454,-9.440391731946447,18.959615175000987,-89.25468143045795
5921,9.517009414394044,-9.430561180942549,18.947570595336593,-89.18248047555073
5932,9.531128024094862,-9.455337061422636,18.986465085517498,-89.28432535758031
5941,9.546525523028281,-9.4296000394013,18.97612556242958,-88.89768340313512
5951,9.651273210565478,-9.554157843531996,19.205431054097474,-89.09438031207685
5961,9.603838152327835,-9.493014234773428,19.096852387101265,-88.96144099664163
5972,9.586544817233866,-9.495520826135442,19.082065643369308,-89.14545236526396
5981,9.617965373179404,-9.51475844958431,19.132723822763715,-89.03424240334024
5992,9.59842810483915,-9.51045465380654,19.10888275864569,-89.17511383046738
6001,9.562465020305869,-9.47601681467744,19.03848183498331,-89.18636685310356
6011,9.541130335896806,-9.445540172286302,18.98667050818311,-89.09831283903777
6022,9.52171729349643,-9.438309857451339,18.960027150947766,-89.21162653619369
6031,9.54081614525579,-9.46350967561682,19.00432582087261,-89.27075606933616
6041,9.594002926886805,-9.48927065879264,19.083273585679443,-89.01752123693238
6052,9.574564732947074,-9.48201545503783,19.056580187984906,-89.13004556926023
6061,9.600938784562159,-9.506873958958828,19.107812743520988,-89.11822848845652
6072,9.584365901319588,-9.48419986811076,19.06856576943035,-89.05941164166602
6081,9.574647363709394,-9.482098085861535,19.05674544957093,-89.13005307768532
6091,9.54321079170639,-9.461328614052375,19.004539405758763,-89.2277865228267
6102,9.538825627547828,-9.440184861050342,18.97901048859817,-89.06931216363415
6111,9.560283224004632,-9.464693076189489,19.02497630019412,-89.10011941050432
6121,9.562533493194353,-9.473034758206376,19.03556825140073,-89.15766191515559
6132,9.557579619274758,-9.478747925976604,19.03632754525136,-89.25767268707595
6141,9.533575216683502,-9.459309476992694,18.992884693676196,-89.29890765843268
6151,9.557958931959792,-9.45931818281367,19.017277114773464,-89.07117539567302
6161,9.555395483766643,-9.464371470628391,19.019766954395035,-89.14266644469502
6172,9.579415475308465,-9.48535063299916,19.064766108307623,-89.11624714162792
6181,9.625009631988682,-9.527894242854721,19.152903874843403,-89.09190895840688
6191,9.615551124452741,-9.510818879339158,19.126370003791898,-89.01972316113509
6202,9.603883657049638,-9.488483640072042,19.09236729712168,-88.91856233385752
6211,9.534220676198322,-9.431013666364134,18.965234342562454,-89.02575876932809
6221,9.560191392887306,-9.472217917493921,19.032409310381226,-89.17181440621626
6232,9.566868355080478,-9.498693751859722,19.0655621069402,-89.35864965816012
6241,9.591280786049118,-9.500256798282852,19.09153758433197,-89.14587435383189
6251,9.531641831587248,-9.433001058548015,18.964642890135263,-89.06861066221447
6261,9.519132856300645,-9.444867110981649,18.963999967282295,-89.29784391292684
6272,9.567567811867288,-9.46740176284454,19.03496957471183,-89.05776007138768
6281,9.608483464703369,-9.499175188980153,19.107658653683522,-88.97613969454929
6291,9.620506593768667,-9.509682697228168,19.130189290996835,-88.96324059534398
6302,9.579163937223262,-9.494231275577896,19.07339521280116,-89.20202435221098
6311,9.560095947882315,-9.472122472427756,19.032218420310073,-89.17180613729467
6321,9.536433917550536,-9.439318452529859,18.975752370080393,-89.08347376729834
6332,9.51437797500514,-9.438587005387037,18.952964980392174,-89.28306534767181
6341,9.567603762288636,-9.465912398467816,19.033516160756452,-89.0434153659302
6352,9.606204577709999,-9.493855303800267,19.100059881510266,-88.94740585940276
6361,9.629923955284704,-9.525191725413661,19.155115680698366,-89.02118638400864
6371,9.62730536616788,-9.534756127117353,19.162061493285233,-89.13481174661618
6381,9.56304322562813,-9.455260248714737,19.018303474342865,-88.98562960625243
6392,9.615330657845922,-9.521265843350744,19.136596501196664,-89.11954839559698
6401,9.591349434575585,-9.49728460154308,19.088634036118666,-89.117346831051
6412,9.576943195166125,-9.485919197296964,19.06286239246309,-89.1445955519127
6421,9.53149991055111,-9.438950600432559,18.970450510983667,-89.12611467357313
6432,9.52924714872528,-9.430606373502101,18.959853522227384,-89.0683765851037
6441,9.529399452624375,-9.427708050843247,18.957107503467622,-89.03957996452955
6451,9.565304742886953,-9.460572443945402,19.025877186832354,-89.01457327726553
6462,9.605802627902447,-9.507161921691235,19.112964549593684,-89.07580200188356
6471,9.600821422536114,-9.511322713213485,19.1121441357496,-89.16102138717741
6482,9.581854924862851,-9.48626479472455,19.0681197195874,-89.10214548436504
6491,9.615587488522339,-9.509329911514774,19.124917400037113,-89.00545006302569
6501,9.591223992301968,-9.503250536701854,19.094474529003822,-89.17449420320442
6512,9.591429200001217,-9.495839077670322,19.08726827767154,-89.10304180634733
6521,9.59869987676948,-9.507675894213262,19.106375770982744,-89.14653457913754
6531,9.570080036352865,-9.465347742563484,19.03542777891635,-89.01506503548151
6542,9.53175393840633,-9.430062538977857,18.96181647738419,-89.03981722485665
6551,9.553141426746281,-9.457551273052415,19.010692699798696,-89.09944661675777
6562,9.53134730285353,-9.444899078221153,18.97624638107468,-89.18371034338612
6571,9.574360261816055,-9.490952854635843,19.065313116451897,-89.21596154302269
6581,9.601019342227076,-9.50542922769312,19.106448569920197,-89.10393782145424
6592,9.615503954340493,-9.512297028242767,19.12780098258326,-89.0339951610542
6601,9.601105764249358,-9.49941443334427,19.100520197593628,-89.04675357128791
6612,9.569733332750472,-9.478709329783756,19.048442662534228,-89.14395103999728
6621,9.57662335278397,-9.499316898725027,19.075940251508996,-89.2734828750175
6632,9.57662335278397,-9.499316898725027,19.075940251508996,-89.2734828750175
6641,9.583937033979925,-9.500529631999713,19.08446666597964,-89.21674504417088
6652,9.546013151932002,-9.45194828347232,18.99796143540432,-89.11315456760522
6661,9.562566873281229,-9.477634202095722,19.04020107537695,-89.20063927311676
6671,9.548206992921555,-9.457182974666395,19.005389967587952,-89.14202094183364
6682,9.600808410346144,-9.512834960820417,19.11364337116656,-89.17531835665181
6691,9.636911593449666,-9.53827091481315,19.175182508262814,-89.07878566787718
6701,9.620167580269259,-9.521526886824255,19.141694467093515,-89.07718214511583
6712,9.59879304595535,-9.495586102815968,19.094379148771317,-89.03231324625148
6721,9.588645020736893,-9.508288106622555,19.09693312735945,-89.24576180944754
6731,9.64655795274758,-9.544866665952126,19.191424618699706,-89.05124544356424
6742,9.608620980831956,-9.49474634389635,19.103367324728307,-88.93338312077775
6752,9.600958958386853,-9.505368843803879,19.106327802190734,-89.10393218534149
6761,9.564904626444573,-9.479971956605832,19.044876583050403,-89.20083465711168
6772,9.577051607211782,-9.481461473147759,19.05851308035954,-89.10169513347054
6781,9.581570973565364,-9.496638313299469,19.078209286864833,-89.20222482878648
6792,9.63175338802791,-9.549871255744508,19.181624643772416,-89.23488573589661
6802,9.557743199008108,-9.469769722045001,19.02751292105311,-89.17160225360509
6811,9.643843050363804,-9.555869627889578,19.199712678253384,-89.17899866460584
6821,9.6012512422894,-9.494993649332931,19.096244891622334,-89.00396488699718
6832,9.54843409461119,-9.454369228056073,19.002803322667262,-89.1133794393849
6841,9.583904585187165,-9.502022428541482,19.085927013728647,-89.2310655816105
6852,9.593909246516569,-9.493743222254976,19.087652468771545,-89.06034735665062
6861,9.572175632586314,-9.48420216485956,19.056377797445876,-89.17285135591808
6872,9.56011931464552,-9.472145839205938,19.03226515385146,-89.17180816170013
6881,9.598486661189439,-9.508987950310548,19.10747461149999,-89.16081729720277
6892,9.64681480093053,-9.535990937335379,19.18280573826591,-88.96606828996018
6901,9.651539336473904,-9.543756462353167,19.195295798827072,-88.99493144744201
6912,9.6226575603206,-9.520966250408657,19.14362381072926,-89.0488887467206
6921,9.606184296901922,-9.493835022965504,19.100019319867428,-88.94740363689058
6932,9.583513472364892,-9.522964826038859,19.10647829840375,-89.43137992292108
6942,9.569615648368732,-9.48925872501453,19.05887437338326,-89.24426190480169
6951,9.59400914430105,-9.490802196266673,19.08481134056772,-89.03183067856347
6962,9.562212448986699,-9.487946720380494,19.05015916936719,-89.30100741745528
6971,9.574386044518272,-9.492503882982598,19.06688992750087,-89.23030108625818
6982,9.569737586589094,-9.478713583625389,19.048451170214484,-89.14395142054744
6991,9.637262951701803,-9.526439076176223,19.163702027878024,-88.96504341042797
7002,9.627439240620818,-9.525747935347502,19.15318717596832,-89.04936118049099
7011,9.624955199921075,-9.526314510718159,19.151269710639234,-89.07764121038868
7022,9.610807880129183,-9.50455029781229,19.115358177941474,-89.00495540772461
7031,9.577108895593021,-9.483044051486706,19.06015294707973,-89.11603427904386
7042,9.55287718913735,-9.470995016497975,19.023872205635325,-89.22856796003579
7051,9.57504831912114,-9.467265356319576,19.042313675440717,-88.98690154568001
7062,9.567104138842488,-9.486747214264682,19.05385135310717,-89.24406350061142
7071,9.543277994241514,-9.45834531190598,19.001623306147494,-89.19902349959726
7082,9.584139656941721,-9.49159038613487,19.07573004307659,-89.13091475387844
7091,9.620122519179104,-9.52300712591271,19.14312964509181,-89.09144760094787
7102,9.598483940463156,-9.505934680256715,19.10441862071987,-89.13221364225382
7111,9.633956249399809,-9.562740973552621,19.19669722295243,-89.33470999241395
7122,9.617780408992243,-9.51913971342971,19.136920122421955,-89.07695307824582
7131,9.571849941699675,-9.496058995762096,19.067908937461773,-89.28737023919842
7142,9.58147307897894,-9.505682136964843,19.08715521594378,-89.28808600462138
7152,9.572371071204973,-9.475255637227312,19.047626708432283,-89.08691493539341
7161,9.60828123174278,-9.506589907842852,19.11487113958563,-89.04746552164217
7172,9.586775564811825,-9.489660143179055,19.076435707990882,-89.08828699620018
7181,9.569637124992543,-9.484704457877148,19.05434158286969,-89.20122989612405
7192,9.60354169394627,-9.50033475565857,19.10387644960484,-89.03279178224966
7201,9.634404046516078,-9.540339246665768,19.174743293181848,-89.12129157697208
7212,9.626835509824621,-9.551044586147206,19.17788009597183,-89.29144077261878
7221,9.574690949637942,-9.477575517652221,19.052266467290163,-89.08713618803066
7232,9.588820026594025,-9.500846569467475,19.089666596061498,-89.17428723039639
7242,9.579185499143275,-9.495778094585022,19.0749635937283,-89.21635650432762
7251,9.56521842082658,-9.465052369585443,19.030270790412025,-89.05752861930743
7261,9.586651220315892,-9.489535798576794,19.076187018892686,-89.08827516974893
7271,9.579411232913428,-9.48382110077865,19.063232333692078,-89.10191642440707
7282,9.576906391880271,-9.487407666562904,19.064314058443173,-89.15892617626581
7291,9.579864564171741,-9.467515255457307,19.04737981962905,-88.94451140550407
7301,9.565345419513784,-9.459087786297271,19.024433205811057,-89.00022565102805
7312,9.61516395666708,-9.525665256879748,19.14082921354683,-89.1622729454057
7322,9.601027249525831,-9.502386539058019,19.10341378858385,-89.07534228251028
7331,9.610972538970968,-9.498623271330864,19.109595810301833,-88.94792810544313
7341,9.601335628888647,-9.493552696802784,19.09488832569143,-88.98967557612082
7351,9.577411871873148,-9.471154252236895,19.048566124110042,-89.0014853808942
7362,9.608485549508528,-9.499177273787838,19.107662823296366,-88.97613991672546
7371,9.58408973227293,-9.4930657394452,19.07715547171813,-89.14523344591507
7381,9.57017455865715,-9.465442264969672,19.035616823626825,-89.01507476440476
7391,9.567599003807018,-9.46895826336374,19.036557267170757,-89.07211133782232
7402,9.598568678159673,-9.504503850722218,19.10307252888189,-89.11801074168132
7411,9.586452278118552,-9.496953559199975,19.083405837318526,-89.15976375107427
7421,9.591161378028113,-9.506228723248162,19.097390101276275,-89.203022592477
7432,9.591161378028113,-9.506228723248162,19.097390101276275,-89.203022592477
7441,9.591161378028113,-9.506228723248162,19.097390101276275,-89.203022592477
